dataset,algorithm,base_algorithm,ls_mode,runs,all_feasible,best_cost,mean_cost,median_cost,std_cost,best_gap_percent,mean_gap_percent,median_gap_percent,std_gap_percent,worst_gap_percent,mean_runtime_sec,std_runtime_sec,median_runtime_sec,mean_time_to_best_sec,std_time_to_best_sec,mean_iter_to_best,median_iter_to_best,mean_eval_to_best,max_capacity_violation_count,max_vehicle_violation_count,max_missing_count,max_duplicate_count
A-n32-k5,WOA,SSA,2opt_qualitybalanced_relocate,0,,,,,,,,,,,,,,,,,,,,,,
A-n32-k5,WOA,SSA,none,0,,,,,,,,,,,,,,,,,,,,,,
A-n32-k5,WOA,WOA,2opt_qualitybalanced_relocate,0,,,,,,,,,,,,,,,,,,,,,,
A-n32-k5,WOA,WOA,none,30,True,1054.0,1369.3,1368.0,119.66970348018116,34.43877551020408,74.65561224489797,74.48979591836735,15.263992790839433,99.74489795918367,0.18763380999999996,0.003373351591656404,0.18690769999999973,0.05583925999999998,0.022076468490642764,56.63333333333333,55.5,2245.5333333333333,0.0,0.0,0.0,0.0
A-n32-k5,SSA,SSA,2opt_qualitybalanced_relocate,0,,,,,,,,,,,,,,,,,,,,,,
A-n32-k5,SSA,SSA,none,30,True,1398.0,1531.1666666666667,1531.5,69.88714219137998,78.31632653061224,95.30187074829931,95.34438775510205,8.914176299920907,115.68877551020408,0.18130562666666666,0.0057216475476869625,0.18019355000000026,0.10654060999999995,0.01354612205269272,112.33333333333333,114.0,4457.2,0.0,0.0,0.0,0.0
A-n32-k5,SSA,WOA,2opt_qualitybalanced_relocate,0,,,,,,,,,,,,,,,,,,,,,,
A-n32-k5,SSA,WOA,none,0,,,,,,,,,,,,,,,,,,,,,,
A-n32-k5,M-WOA,SSA,2opt_qualitybalanced_relocate,0,,,,,,,,,,,,,,,,,,,,,,
A-n32-k5,M-WOA,SSA,none,0,,,,,,,,,,,,,,,,,,,,,,
A-n32-k5,M-WOA,WOA,2opt_qualitybalanced_relocate,30,True,784.0,807.4,787.5,34.83517841453394,0.0,2.984693877551021,0.4464285714285714,4.443262552874231,21.81122448979592,4.74279016333333,0.9799581313581676,4.659933649999994,1.1636816766666653,0.9083330310424663,50.86666666666667,45.5,2014.1,0.0,0.0,0.0,0.0
A-n32-k5,M-WOA,WOA,none,0,,,,,,,,,,,,,,,,,,,,,,
A-n32-k5,M-SSA,SSA,2opt_qualitybalanced_relocate,30,True,784.0,784.9333333333333,784.0,1.3879613761229803,0.0,0.11904761904761904,0.0,0.17703588981160454,0.6377551020408163,7.529900983333336,2.8413926292455054,6.272710000000004,3.5127195500000057,2.1316379371517042,96.73333333333333,111.0,3837.3,0.0,0.0,0.0,0.0
A-n32-k5,M-SSA,SSA,none,0,,,,,,,,,,,,,,,,,,,,,,
A-n32-k5,M-SSA,WOA,2opt_qualitybalanced_relocate,0,,,,,,,,,,,,,,,,,,,,,,
A-n32-k5,M-SSA,WOA,none,0,,,,,,,,,,,,,,,,,,,,,,
A-n37-k6,WOA,SSA,2opt_qualitybalanced_relocate,0,,,,,,,,,,,,,,,,,,,,,,
A-n37-k6,WOA,SSA,none,0,,,,,,,,,,,,,,,,,,,,,,
A-n37-k6,WOA,WOA,2opt_qualitybalanced_relocate,0,,,,,,,,,,,,,,,,,,,,,,
A-n37-k6,WOA,WOA,none,30,True,1166.0,1324.5,1306.5,92.87208481525026,22.86617492096944,39.567966280295046,37.671232876712324,9.786310307191805,62.59220231822972,0.3749757666666691,0.11248865385313729,0.3439507500000047,0.2062911900000017,0.12546672960193878,85.2,91.0,3386.766666666667,0.0,0.0,0.0,0.0
A-n37-k6,SSA,SSA,2opt_qualitybalanced_relocate,0,,,,,,,,,,,,,,,,,,,,,,
A-n37-k6,SSA,SSA,none,30,True,1280.0,1430.2,1435.0,64.81028015518145,34.87881981032666,50.70600632244468,51.211801896733405,6.829323514771488,65.01580611169652,0.5780642033333322,0.07213442385842811,0.5668741000000068,0.386778000000002,0.17786367166545586,122.7,144.5,4884.3,0.0,0.0,0.0,0.0
A-n37-k6,SSA,WOA,2opt_qualitybalanced_relocate,0,,,,,,,,,,,,,,,,,,,,,,
A-n37-k6,SSA,WOA,none,0,,,,,,,,,,,,,,,,,,,,,,
A-n37-k6,M-WOA,SSA,2opt_qualitybalanced_relocate,0,,,,,,,,,,,,,,,,,,,,,,
A-n37-k6,M-WOA,SSA,none,0,,,,,,,,,,,,,,,,,,,,,,
A-n37-k6,M-WOA,WOA,2opt_qualitybalanced_relocate,30,True,955.0,1003.4,1001.5,28.606244796885008,0.6322444678609063,5.732349841938883,5.532139093782929,3.014356669850896,14.64699683877766,3.842477619999992,0.8362961280136125,3.6269909999999754,1.7057050666666649,1.1092337452353025,86.36666666666666,76.5,3431.8,0.0,0.0,0.0,0.0
A-n37-k6,M-WOA,WOA,none,0,,,,,,,,,,,,,,,,,,,,,,
A-n37-k6,M-SSA,SSA,2opt_qualitybalanced_relocate,30,True,958.0,995.9666666666667,993.0,21.81660761475285,0.9483667017913592,4.9490691956445385,4.636459430979979,2.298904911986601,8.74604847207587,5.323920286666661,1.7698205276011363,4.508509500000002,4.742956670000001,1.6022393157641572,179.03333333333333,183.5,7128.733333333334,0.0,0.0,0.0,0.0
A-n37-k6,M-SSA,SSA,none,0,,,,,,,,,,,,,,,,,,,,,,
A-n37-k6,M-SSA,WOA,2opt_qualitybalanced_relocate,0,,,,,,,,,,,,,,,,,,,,,,
A-n37-k6,M-SSA,WOA,none,0,,,,,,,,,,,,,,,,,,,,,,
A-n45-k6,WOA,SSA,2opt_qualitybalanced_relocate,0,,,,,,,,,,,,,,,,,,,,,,
A-n45-k6,WOA,SSA,none,0,,,,,,,,,,,,,,,,,,,,,,
A-n45-k6,WOA,WOA,2opt_qualitybalanced_relocate,0,,,,,,,,,,,,,,,,,,,,,,
A-n45-k6,WOA,WOA,none,30,True,1297.0,1513.2333333333333,1517.0,112.68438784662148,37.394067796610166,60.30014124293785,60.69915254237288,11.93690549222685,99.364406779661,0.8140251133333398,0.21653502788769585,0.7562104000000431,0.5619601533333366,0.20401590011580273,109.1,113.5,4347.0,0.0,0.0,0.0,0.0
A-n45-k6,SSA,SSA,2opt_qualitybalanced_relocate,0,,,,,,,,,,,,,,,,,,,,,,
A-n45-k6,SSA,SSA,none,30,True,1650.0,1777.5666666666666,1777.0,65.84395520305266,74.78813559322033,88.30155367231639,88.24152542372882,6.9749952545606675,98.09322033898304,1.550016896666663,0.05322775303175648,1.5422556999999983,1.2915243699999943,0.25201858501049573,166.73333333333332,180.0,6639.933333333333,0.0,0.0,0.0,0.0
A-n45-k6,SSA,WOA,2opt_qualitybalanced_relocate,0,,,,,,,,,,,,,,,,,,,,,,
A-n45-k6,SSA,WOA,none,0,,,,,,,,,,,,,,,,,,,,,,
A-n45-k6,M-WOA,SSA,2opt_qualitybalanced_relocate,0,,,,,,,,,,,,,,,,,,,,,,
A-n45-k6,M-WOA,SSA,none,0,,,,,,,,,,,,,,,,,,,,,,
A-n45-k6,M-WOA,WOA,2opt_qualitybalanced_relocate,30,True,1006.0,1111.9666666666667,1107.5,71.58620717338827,6.567796610169491,17.793079096045197,17.31991525423729,7.5832846581979085,33.36864406779661,3.505049350000013,0.49106050565229725,3.4958541500000138,2.2834194333333433,1.0771050287594661,109.06666666666666,101.5,4341.166666666667,0.0,0.0,0.0,0.0
A-n45-k6,M-WOA,WOA,none,0,,,,,,,,,,,,,,,,,,,,,,
A-n45-k6,M-SSA,SSA,2opt_qualitybalanced_relocate,30,True,1142.0,1217.9666666666667,1228.0,48.99787703587763,20.97457627118644,29.021892655367232,30.084745762711865,5.190453075834498,40.889830508474574,5.220257769999989,0.13132923264803115,5.194451949999973,4.428510499999982,0.6513597429524118,170.43333333333334,172.5,6787.933333333333,0.0,0.0,0.0,0.0
A-n45-k6,M-SSA,SSA,none,0,,,,,,,,,,,,,,,,,,,,,,
A-n45-k6,M-SSA,WOA,2opt_qualitybalanced_relocate,0,,,,,,,,,,,,,,,,,,,,,,
A-n45-k6,M-SSA,WOA,none,0,,,,,,,,,,,,,,,,,,,,,,
A-n54-k7,WOA,SSA,2opt_qualitybalanced_relocate,0,,,,,,,,,,,,,,,,,,,,,,
A-n54-k7,WOA,SSA,none,0,,,,,,,,,,,,,,,,,,,,,,
A-n54-k7,WOA,WOA,2opt_qualitybalanced_relocate,0,,,,,,,,,,,,,,,,,,,,,,
A-n54-k7,WOA,WOA,none,30,True,1806.0,2009.7333333333333,2001.5,133.37991714966157,54.75578406169666,72.21365324193087,71.50814053127678,11.429298813167224,93.48757497857756,0.43353038999997956,0.07673197777551838,0.41806415000007746,0.2643341366666618,0.1088826078268697,98.43333333333334,108.0,3918.5333333333333,0.0,0.0,0.0,0.0
A-n54-k7,SSA,SSA,2opt_qualitybalanced_relocate,0,,,,,,,,,,,,,,,,,,,,,,
A-n54-k7,SSA,SSA,none,30,True,2158.0,2295.133333333333,2292.5,73.24156222242675,84.91859468723221,96.66952299343045,96.44387317909167,6.276055031913175,109.08311910882604,0.6849567566666565,0.04072646134135594,0.6733267500001148,0.5533184200000126,0.1441860738600035,141.03333333333333,150.0,5613.766666666666,0.0,0.0,0.0,0.0
A-n54-k7,SSA,WOA,2opt_qualitybalanced_relocate,0,,,,,,,,,,,,,,,,,,,,,,
A-n54-k7,SSA,WOA,none,0,,,,,,,,,,,,,,,,,,,,,,
A-n54-k7,M-WOA,SSA,2opt_qualitybalanced_relocate,0,,,,,,,,,,,,,,,,,,,,,,
A-n54-k7,M-WOA,SSA,none,0,,,,,,,,,,,,,,,,,,,,,,
A-n54-k7,M-WOA,WOA,2opt_qualitybalanced_relocate,30,True,1239.0,1311.4,1309.5,41.34180484190557,6.169665809768637,12.373607540702658,12.210796915167096,3.5425711089893377,22.10796915167095,6.441565909999978,0.725757888003585,6.346388449999949,3.803533149999976,1.8609523960827434,119.73333333333333,122.0,4769.866666666667,0.0,0.0,0.0,0.0
A-n54-k7,M-WOA,WOA,none,0,,,,,,,,,,,,,,,,,,,,,,
A-n54-k7,M-SSA,SSA,2opt_qualitybalanced_relocate,30,True,1252.0,1370.1,1358.0,77.8271072357803,7.283633247643531,17.403598971722367,16.36675235646958,6.6689894803582135,29.82005141388175,5.742305953333297,0.5232268503320755,5.583324750000088,5.182479026666631,0.6828443336123803,184.43333333333334,192.0,7343.6,0.0,0.0,0.0,0.0
A-n54-k7,M-SSA,SSA,none,0,,,,,,,,,,,,,,,,,,,,,,
A-n54-k7,M-SSA,WOA,2opt_qualitybalanced_relocate,0,,,,,,,,,,,,,,,,,,,,,,
A-n54-k7,M-SSA,WOA,none,0,,,,,,,,,,,,,,,,,,,,,,
A-n60-k9,WOA,SSA,2opt_qualitybalanced_relocate,0,,,,,,,,,,,,,,,,,,,,,,
A-n60-k9,WOA,SSA,none,0,,,,,,,,,,,,,,,,,,,,,,
A-n60-k9,WOA,WOA,2opt_qualitybalanced_relocate,0,,,,,,,,,,,,,,,,,,,,,,
A-n60-k9,WOA,WOA,none,30,True,2092.0,2477.9,2451.0,211.07448432019092,54.50516986706056,83.00590841949777,81.01920236336781,15.588957483027388,127.4741506646972,0.35708912999998577,0.04944848271044735,0.3414387000000261,0.19581647666667168,0.106354911336505,93.33333333333333,93.5,3715.2,0.0,0.0,0.0,0.0
A-n60-k9,SSA,SSA,2opt_qualitybalanced_relocate,0,,,,,,,,,,,,,,,,,,,,,,
A-n60-k9,SSA,SSA,none,30,True,2457.0,2730.766666666667,2765.0,120.58898083511012,81.46233382570162,101.68143771541114,104.20974889217135,8.906128569801348,112.48153618906944,0.4592131533333486,0.03464943603896164,0.4472877499999868,0.38363156666668297,0.038784161745629916,146.43333333333334,144.0,5825.033333333334,0.0,0.0,0.0,0.0
A-n60-k9,SSA,WOA,2opt_qualitybalanced_relocate,0,,,,,,,,,,,,,,,,,,,,,,
A-n60-k9,SSA,WOA,none,0,,,,,,,,,,,,,,,,,,,,,,
A-n60-k9,M-WOA,SSA,2opt_qualitybalanced_relocate,0,,,,,,,,,,,,,,,,,,,,,,
A-n60-k9,M-WOA,SSA,none,0,,,,,,,,,,,,,,,,,,,,,,
A-n60-k9,M-WOA,WOA,2opt_qualitybalanced_relocate,30,True,1427.0,1577.1666666666667,1565.5,99.82815694752767,5.391432791728213,16.482028557360906,15.620384047267356,7.372832861708105,37.001477104874446,7.857061646666663,3.249349187301211,6.897619100000043,3.935716143333343,2.951798479355039,109.6,115.0,4362.866666666667,0.0,0.0,0.0,0.0
A-n60-k9,M-WOA,WOA,none,0,,,,,,,,,,,,,,,,,,,,,,
A-n60-k9,M-SSA,SSA,2opt_qualitybalanced_relocate,30,True,1425.0,1495.0,1499.5,41.89560095416159,5.2437223042836045,10.413589364844904,10.745937961595272,3.0942098193620073,18.685376661742986,9.338112153333373,3.7834870929730102,7.821681500000068,7.507099576666686,2.9201061523915195,173.8,173.5,6917.133333333333,0.0,0.0,0.0,0.0
A-n60-k9,M-SSA,SSA,none,0,,,,,,,,,,,,,,,,,,,,,,
A-n60-k9,M-SSA,WOA,2opt_qualitybalanced_relocate,0,,,,,,,,,,,,,,,,,,,,,,
A-n60-k9,M-SSA,WOA,none,0,,,,,,,,,,,,,,,,,,,,,,
A-n80-k10,WOA,SSA,2opt_qualitybalanced_relocate,0,,,,,,,,,,,,,,,,,,,,,,
A-n80-k10,WOA,SSA,none,0,,,,,,,,,,,,,,,,,,,,,,
A-n80-k10,WOA,WOA,2opt_qualitybalanced_relocate,0,,,,,,,,,,,,,,,,,,,,,,
A-n80-k10,WOA,WOA,none,30,True,3130.0,3438.4333333333334,3423.0,184.13182746352538,77.53828701077708,95.03308754017773,94.15768576290414,10.44423298148187,121.5541690300624,0.5116739566666714,0.0858500617039258,0.49606734999997565,0.36075663333336555,0.1340584979936845,119.6,135.5,4767.066666666667,0.0,0.0,0.0,0.0
A-n80-k10,SSA,SSA,2opt_qualitybalanced_relocate,0,,,,,,,,,,,,,,,,,,,,,,
A-n80-k10,SSA,SSA,none,30,True,3379.0,3761.5666666666666,3754.0,154.81550384210573,91.66193987521272,113.3616940820571,112.93250141803745,8.781367206018475,127.2830402722632,0.7296387200000026,0.07635915662094081,0.7274250000000393,0.6369394666666646,0.08145983176419028,157.03333333333333,155.0,6251.066666666667,0.0,0.0,0.0,0.0
A-n80-k10,SSA,WOA,2opt_qualitybalanced_relocate,0,,,,,,,,,,,,,,,,,,,,,,
A-n80-k10,SSA,WOA,none,0,,,,,,,,,,,,,,,,,,,,,,
A-n80-k10,M-WOA,SSA,2opt_qualitybalanced_relocate,0,,,,,,,,,,,,,,,,,,,,,,
A-n80-k10,M-WOA,SSA,none,0,,,,,,,,,,,,,,,,,,,,,,
A-n80-k10,M-WOA,WOA,2opt_qualitybalanced_relocate,30,True,1888.0,2069.0333333333333,2067.0,99.83934796611432,7.090187180941577,17.358668935526566,17.243335224049915,5.663037320823273,31.93420306296086,8.9509845366667,2.088902696409681,8.719813699999918,6.39906055000005,2.471022353923551,150.03333333333333,167.0,5981.933333333333,0.0,0.0,0.0,0.0
A-n80-k10,M-WOA,WOA,none,0,,,,,,,,,,,,,,,,,,,,,,
A-n80-k10,M-SSA,SSA,2opt_qualitybalanced_relocate,30,True,2015.0,2206.766666666667,2212.0,97.41722687468594,14.293817356778218,25.17110985063339,25.46795235394214,5.525650985518202,35.05388542257516,12.880685470000026,1.6250660270710204,12.577128800000082,10.260685266666663,1.9391123213295105,167.9,167.0,6677.333333333333,0.0,0.0,0.0,0.0
A-n80-k10,M-SSA,SSA,none,0,,,,,,,,,,,,,,,,,,,,,,
A-n80-k10,M-SSA,WOA,2opt_qualitybalanced_relocate,0,,,,,,,,,,,,,,,,,,,,,,
A-n80-k10,M-SSA,WOA,none,0,,,,,,,,,,,,,,,,,,,,,,
B-n50-k7,WOA,SSA,2opt_qualitybalanced_relocate,0,,,,,,,,,,,,,,,,,,,,,,
B-n50-k7,WOA,SSA,none,0,,,,,,,,,,,,,,,,,,,,,,
B-n50-k7,WOA,WOA,2opt_qualitybalanced_relocate,0,,,,,,,,,,,,,,,,,,,,,,
B-n50-k7,WOA,WOA,none,30,True,1405.0,1703.9333333333334,1685.5,147.28951863201462,89.60863697705803,129.95051731893838,127.46288798920378,19.87712802051479,191.49797570850205,0.2517990399999841,0.017392252923324795,0.24489575000006875,0.1012240100000326,0.037604748111592055,74.9,77.0,2971.733333333333,0.0,0.0,0.0,0.0
B-n50-k7,SSA,SSA,2opt_qualitybalanced_relocate,0,,,,,,,,,,,,,,,,,,,,,,
B-n50-k7,SSA,SSA,none,30,True,1815.0,1988.1,1992.0,82.99578302540436,144.93927125506073,168.29959514170042,168.82591093117406,11.20051052974418,186.3697705802969,0.25952938000001874,0.014044783641334053,0.25740749999999935,0.17476823000001784,0.018997511543898588,125.3,126.5,4978.1,0.0,0.0,0.0,0.0
B-n50-k7,SSA,WOA,2opt_qualitybalanced_relocate,0,,,,,,,,,,,,,,,,,,,,,,
B-n50-k7,SSA,WOA,none,0,,,,,,,,,,,,,,,,,,,,,,
B-n50-k7,M-WOA,SSA,2opt_qualitybalanced_relocate,0,,,,,,,,,,,,,,,,,,,,,,
B-n50-k7,M-WOA,SSA,none,0,,,,,,,,,,,,,,,,,,,,,,
B-n50-k7,M-WOA,WOA,2opt_qualitybalanced_relocate,30,True,743.0,809.1666666666666,790.5,57.77010522295476,0.2699055330634278,9.19928025191183,6.680161943319838,7.79623552266596,33.46828609986505,8.73844717333333,2.5809335619352254,8.262006400000246,3.8551388100000015,2.629939286826409,97.23333333333333,99.0,3868.4333333333334,0.0,0.0,0.0,0.0
B-n50-k7,M-WOA,WOA,none,0,,,,,,,,,,,,,,,,,,,,,,
B-n50-k7,M-SSA,SSA,2opt_qualitybalanced_relocate,30,True,741.0,747.5333333333333,745.0,8.377858064393672,0.0,0.8816914080071975,0.5398110661268556,1.1306151233999586,5.668016194331984,10.82460090333337,1.0096422231408728,10.860448449999922,7.614805760000051,1.620118238832336,153.9,157.0,6127.333333333333,0.0,0.0,0.0,0.0
B-n50-k7,M-SSA,SSA,none,0,,,,,,,,,,,,,,,,,,,,,,
B-n50-k7,M-SSA,WOA,2opt_qualitybalanced_relocate,0,,,,,,,,,,,,,,,,,,,,,,
B-n50-k7,M-SSA,WOA,none,0,,,,,,,,,,,,,,,,,,,,,,
P-n76-k4,WOA,SSA,2opt_qualitybalanced_relocate,0,,,,,,,,,,,,,,,,,,,,,,
P-n76-k4,WOA,SSA,none,0,,,,,,,,,,,,,,,,,,,,,,
P-n76-k4,WOA,WOA,2opt_qualitybalanced_relocate,0,,,,,,,,,,,,,,,,,,,,,,
P-n76-k4,WOA,WOA,none,30,True,1391.0,1764.4666666666667,1808.0,121.76481948562899,134.56998313659358,197.54918493535695,204.8903878583474,20.533696371944185,204.8903878583474,1.1367560633333444,0.47635252537547623,1.4611214000001382,0.039954630000026206,0.07881548739736338,17.5,5.0,679.0666666666667,0.0,0.0,0.0,0.0
P-n76-k4,SSA,SSA,2opt_qualitybalanced_relocate,0,,,,,,,,,,,,,,,,,,,,,,
P-n76-k4,SSA,SSA,none,30,True,1574.0,1774.6333333333334,1776.5,72.39712479208633,165.43001686340642,199.2636312535132,199.57841483979763,12.208621381464814,228.33052276559863,0.4634247466666542,0.028191436572977638,0.4630456999998387,0.37622714333330504,0.05120685220699879,142.0,143.5,5646.8,0.0,0.0,0.0,0.0
P-n76-k4,SSA,WOA,2opt_qualitybalanced_relocate,0,,,,,,,,,,,,,,,,,,,,,,
P-n76-k4,SSA,WOA,none,0,,,,,,,,,,,,,,,,,,,,,,
P-n76-k4,M-WOA,SSA,2opt_qualitybalanced_relocate,0,,,,,,,,,,,,,,,,,,,,,,
P-n76-k4,M-WOA,SSA,none,0,,,,,,,,,,,,,,,,,,,,,,
P-n76-k4,M-WOA,WOA,2opt_qualitybalanced_relocate,30,True,608.0,646.3666666666667,649.0,20.755528276172313,2.5295109612141653,8.999437886453062,9.443507588532883,3.500089085357895,17.875210792580102,16.064054076666675,2.7702986813826076,16.48051119999991,8.351514500000015,3.629888319964233,84.5,78.0,3357.0333333333333,0.0,0.0,0.0,0.0
P-n76-k4,M-WOA,WOA,none,0,,,,,,,,,,,,,,,,,,,,,,
P-n76-k4,M-SSA,SSA,2opt_qualitybalanced_relocate,30,True,634.0,651.4,652.0,11.196058419726585,6.913996627318719,9.84822934232715,9.949409780775715,1.8880368330061732,14.33389544688027,25.35106516666665,0.7908835046385979,25.33409419999998,22.958215820000078,1.4285989168603346,177.73333333333332,176.5,7076.866666666667,0.0,0.0,0.0,0.0
P-n76-k4,M-SSA,SSA,none,0,,,,,,,,,,,,,,,,,,,,,,
P-n76-k4,M-SSA,WOA,2opt_qualitybalanced_relocate,0,,,,,,,,,,,,,,,,,,,,,,
P-n76-k4,M-SSA,WOA,none,0,,,,,,,,,,,,,,,,,,,,,,
