dataset,algorithm,base_algorithm,ls_mode,run,seed,pop_size,max_iter,known_best,best_score_with_penalty,cost_without_vehicle_penalty,gap_percent_without_vehicle_penalty,gap_percent_with_penalty,route_count,expected_vehicles,max_route_load,capacity,valid_core_solution,vehicle_count_valid,feasible_solution,vehicle_violation_count,missing_count,extra_count,duplicate_count,capacity_violation_count,runtime_sec,time_to_best_sec,iter_to_best,eval_to_best,profile_initialization_time,profile_decode_time,profile_split_time,profile_vehicle_repair_time,profile_two_opt_time,profile_relocate_time,profile_local_search_total_time,profile_cost_evaluation_time,profile_lamarckian_writeback_time,profile_position_update_time,profile_evaluation_total_time,profile_route_distance_calls,profile_evaluations,profile_other_time
A-n32-k5,WOA,WOA,none,1,2027,40,200,784.0,1405.0,1405.0,79.20918367346938,79.20918367346938,5,5,98,100,True,True,True,0,0,0,0,0,0.2013409,0.058860100000000026,55,2199,0.002258299999999991,0.03153229999999729,0.02635800000000249,0.006462299999998755,0.0,0.0,0.013144699999997789,0.016904599999995495,0.05392150000000023,0.04528650000000062,0.14856120000000178,40005,8000,0.018617400000005113
A-n32-k5,WOA,WOA,none,2,2028,40,200,784.0,1383.0,1383.0,76.40306122448979,76.40306122448979,5,5,97,100,True,True,True,0,0,0,0,0,0.20620510000000003,0.02968320000000002,26,1011,0.002355499999999955,0.03254500000000671,0.026701500000001266,0.0062190999999979235,0.0,0.0,0.013411199999995405,0.017358800000002894,0.0550233999999985,0.04666400000000026,0.1519244000000034,40005,8000,0.019337799999992522
A-n32-k5,WOA,WOA,none,3,2029,40,200,784.0,1202.0,1202.0,53.316326530612244,53.316326530612244,5,5,98,100,True,True,True,0,0,0,0,0,0.20931829999999996,0.04120519999999994,34,1334,0.0020499999999999963,0.03305219999999487,0.027752000000003663,0.006420000000003978,0.0,0.0,0.013364900000001456,0.017827900000002117,0.0551727999999988,0.04710989999999937,0.15439449999999766,40005,8000,0.019933499999997162
A-n32-k5,SSA,SSA,none,1,3027,40,200,784.0,1502.0,1502.0,91.58163265306122,91.58163265306122,5,5,96,100,True,True,True,0,0,0,0,0,0.19093059999999995,0.11154639999999993,113,4481,0.0021356999999999626,0.03145069999999328,0.026382500000001974,0.006057200000006091,0.0,0.0,0.01273570000001234,0.02452279999999285,0.05325850000000654,0.028460699999999894,0.15504130000000682,40005,8000,0.01866249999999936
A-n32-k5,SSA,SSA,none,2,3028,40,200,784.0,1545.0,1545.0,97.06632653061224,97.06632653061224,5,5,100,100,True,True,True,0,0,0,0,0,0.20017639999999992,0.11989340000000004,113,4484,0.0021307999999999883,0.03324260000000079,0.028452600000004047,0.006487600000006477,0.0,0.0,0.013664100000002621,0.02382019999999252,0.056254200000007026,0.029964399999998337,0.16232900000001038,40005,8000,0.019823999999990738
A-n32-k5,SSA,SSA,none,3,3029,40,200,784.0,1616.0,1616.0,106.12244897959184,106.12244897959184,5,5,100,100,True,True,True,0,0,0,0,0,0.19010569999999993,0.12844999999999995,131,5203,0.002253099999999897,0.03112320000000235,0.02611059999999532,0.006076100000004692,0.0,0.0,0.012712199999995732,0.024324099999999405,0.05328770000000427,0.02869940000000204,0.15406079999999678,40005,8000,0.018231499999991962
A-n32-k5,M-WOA,WOA,2opt_qualitybalanced_relocate,1,4027,40,200,784.0,784.0,784.0,0.0,0.0,5,5,98,100,True,True,True,0,0,0,0,0,4.7883587,0.4500814000000002,20,782,0.0019500000000001183,0.04669210000001356,0.03244630000001281,0.023901099999962483,1.1026517999999985,3.38004630000001,4.522900500000022,0.032180300000027584,0.08298240000002544,0.05033549999999809,4.725652300000022,2840550,8000,0.03517289999995121
A-n32-k5,M-WOA,WOA,2opt_qualitybalanced_relocate,2,4028,40,200,784.0,784.0,784.0,0.0,0.0,5,5,98,100,True,True,True,0,0,0,0,0,5.8556738,0.9620125999999996,38,1513,0.0019153999999996785,0.04790439999995222,0.032957599999985376,0.02529120000007179,1.133610400000011,4.402221600000022,5.577756599999948,0.034388900000037026,0.0893551000000592,0.05161429999999001,5.791018500000122,3138480,8000,0.036414899999871686
A-n32-k5,M-WOA,WOA,2opt_qualitybalanced_relocate,3,4029,40,200,784.0,830.0,830.0,5.86734693877551,5.86734693877551,5,5,99,100,True,True,True,0,0,0,0,0,5.229305499999999,2.934231500000001,99,3940,0.0021713000000005422,0.04654160000002072,0.03213210000019551,0.025398200000067206,1.0181869000000177,3.896581400000045,4.956359600000358,0.034936699999990495,0.08580220000002825,0.05230609999999558,5.164250400000022,2610095,8000,0.03524899999963793
A-n32-k5,M-SSA,SSA,2opt_qualitybalanced_relocate,1,5027,40,200,784.0,785.0,785.0,0.12755102040816327,0.12755102040816327,5,5,98,100,True,True,True,0,0,0,0,0,6.0598379000000016,1.247728500000001,50,1990,0.001939000000000135,0.04970229999987197,0.03329250000014383,0.025381899999690205,1.1886057999998663,4.555566499999895,5.786718500000088,0.04131889999982974,0.09156319999983253,0.03440629999997924,6.011492299999901,3100090,8000,0.038061500000893034
A-n32-k5,M-SSA,SSA,2opt_qualitybalanced_relocate,2,5028,40,200,784.0,784.0,784.0,0.0,0.0,5,5,98,100,True,True,True,0,0,0,0,0,7.131313900000002,4.256853700000001,146,5802,0.0019519999999992876,0.058825600000240286,0.03682079999990506,0.028520299999840404,1.307434499999971,5.4548560999998905,6.810242200000058,0.04659869999997923,0.10808370000021483,0.04406519999997727,7.070728000000194,3118904,8000,0.04415699999998424
A-n32-k5,M-SSA,SSA,2opt_qualitybalanced_relocate,3,5029,40,200,784.0,784.0,784.0,0.0,0.0,5,5,98,100,True,True,True,0,0,0,0,0,9.829698099999998,2.0985076000000014,45,1778,0.004092400000001106,0.10548170000029344,0.058116599999930685,0.04231369999975598,2.1867607999995684,7.017894499999702,9.27730569999995,0.0750798000002959,0.1806864999998048,0.08810310000000854,9.714011900000113,3004025,8000,0.07116900000063708
A-n37-k6,WOA,WOA,none,1,102027,40,200,949.0,1264.0,1264.0,33.19283456269758,33.19283456269758,6,6,100,100,True,True,True,0,0,0,0,0,0.6692437999999967,0.4703381999999934,122,4848,0.004933999999998662,0.08831690000001657,0.05398870000062317,0.1860399000001678,0.0,0.0,0.19925190000015647,0.05535809999984309,0.12687050000002387,0.11333949999996662,0.5369912999999045,48007,8000,0.04039619999935695
A-n37-k6,WOA,WOA,none,2,102028,40,200,949.0,1285.0,1285.0,35.40569020021075,35.40569020021075,6,6,100,100,True,True,True,0,0,0,0,0,0.7066152000000017,0.4218338000000017,91,3630,0.005019900000000632,0.10015599999994151,0.05929749999996403,0.17368210000013562,0.0,0.0,0.18773770000041878,0.05471149999997493,0.13960159999972177,0.12891699999999418,0.5562043000002106,48008,8000,0.04522960000026899
A-n37-k6,WOA,WOA,none,3,102029,40,200,949.0,1215.0,1215.0,28.02950474183351,28.02950474183351,6,6,100,100,True,True,True,0,0,0,0,0,0.7493794000000022,0.48866869999999807,102,4080,0.005586399999998548,0.10364040000002461,0.06053429999983706,0.18965319999993113,0.0,0.0,0.20460690000034276,0.05955689999981928,0.1465496000001565,0.136560400000036,0.5900938999999497,48006,8000,0.04729820000019913
A-n37-k6,SSA,SSA,none,1,103027,40,200,949.0,1454.0,1454.0,53.21390937829294,53.21390937829294,6,6,99,100,True,True,True,0,0,0,0,0,1.0632883000000035,0.3605215000000044,50,1993,0.005067499999995562,0.10337630000017128,0.060820800000144004,0.5022697000000633,0.0,0.0,0.5181565000001669,0.10667510000000391,0.14923069999962735,0.08564369999999144,0.9542033999999262,48010,8000,0.05020450000000665
A-n37-k6,SSA,SSA,none,2,103028,40,200,949.0,1378.0,1378.0,45.205479452054796,45.205479452054796,6,6,100,100,True,True,True,0,0,0,0,0,2.989075900000003,2.1079480000000004,74,2950,0.005280399999996632,0.47786399999990437,0.08771040000001307,1.8744928999996233,0.0,0.0,1.8943006999997962,0.18448199999977533,0.19728630000022207,0.10065549999998069,2.861560799999836,48008,8000,0.06130440000048765
A-n37-k6,SSA,SSA,none,3,103029,40,200,949.0,1498.0,1498.0,57.85036880927292,57.85036880927292,6,6,100,100,True,True,True,0,0,0,0,0,0.9551602999999957,0.7348618999999985,128,5082,0.00557669999999888,0.10208649999987784,0.060727299999904005,0.4086409000001652,0.0,0.0,0.424254400000585,0.09539910000032137,0.14667999999970505,0.08753749999993943,0.8448088000001306,48006,8000,0.048512300000084
A-n37-k6,M-WOA,WOA,2opt_qualitybalanced_relocate,1,104027,40,200,949.0,977.0,977.0,2.9504741833508956,2.9504741833508956,6,6,100,100,True,True,True,0,0,0,0,0,8.307895100000003,0.44940559999999863,12,448,0.005188400000001536,0.10944890000035912,0.06175009999952863,0.47477149999971857,1.6945575000000446,5.512469000000152,7.713262000000022,0.08215809999996537,0.16694690000004186,0.13244780000000844,8.150328799999976,2646288,8000,0.06815690000018293
A-n37-k6,M-WOA,WOA,2opt_qualitybalanced_relocate,2,104028,40,200,949.0,966.0,966.0,1.791359325605901,1.791359325605901,6,6,100,100,True,True,True,0,0,0,0,0,7.983641999999996,3.063373900000002,80,3172,0.005011299999999608,0.10835989999978324,0.06243939999954762,0.31858010000050996,1.942204400000115,5.096556600000234,7.3884423999993984,0.08607649999981959,0.1661630999995154,0.13044300000001385,7.828256799999963,2982188,8000,0.06780770000045777
A-n37-k6,M-WOA,WOA,2opt_qualitybalanced_relocate,3,104029,40,200,949.0,1002.0,1002.0,5.584826132771338,5.584826132771338,6,6,100,100,True,True,True,0,0,0,0,0,6.8812884000000025,2.234626800000001,58,2309,0.005488600000006727,0.10696079999931385,0.06230469999948696,0.2855209999995907,1.5087271999995693,4.488108199999516,6.312291699999449,0.06630880000101058,0.16232419999968783,0.13061949999993772,6.726937799999845,2356775,8000,0.06492540000188285
A-n37-k6,M-SSA,SSA,2opt_qualitybalanced_relocate,1,105027,40,200,949.0,988.0,988.0,4.109589041095891,4.109589041095891,6,6,100,100,True,True,True,0,0,0,0,0,8.084306299999994,7.877167900000003,196,7804,0.005352599999994823,0.10957190000031858,0.0626203999999575,0.6643431000004654,2.24255500000055,4.538948000000033,7.47786219999972,0.13441500000048734,0.17001959999987548,0.08607620000000793,7.972081199999835,3051102,8000,0.070404499998304
A-n37-k6,M-SSA,SSA,2opt_qualitybalanced_relocate,2,105028,40,200,949.0,966.0,966.0,1.791359325605901,1.791359325605901,6,6,100,100,True,True,True,0,0,0,0,0,8.446920800000001,6.705612700000003,161,6401,0.004992700000002515,0.11333180000019638,0.06316259999971408,0.6459303000002308,2.222785300000055,4.931485500000235,7.833020700000205,0.12906440000006114,0.176564600001214,0.087771399999923,8.332584000000026,3035249,8000,0.07183219999836865
A-n37-k6,M-SSA,SSA,2opt_qualitybalanced_relocate,3,105029,40,200,949.0,1013.0,1013.0,6.743940990516333,6.743940990516333,6,6,100,100,True,True,True,0,0,0,0,0,8.263814699999998,7.93473569999999,193,7685,0.005046199999995338,0.11096849999992742,0.06247599999962006,0.7334335999989889,2.232155699999126,4.654946299999565,7.653152399999428,0.13522040000013646,0.17196060000041768,0.08670900000011272,8.151134800000335,3033589,8000,0.07089840000210756
A-n45-k6,WOA,WOA,none,1,202027,40,200,944.0,1539.0,1539.0,63.029661016949156,63.029661016949156,6,6,100,100,True,True,True,0,0,0,0,0,1.5248956999999876,1.1542677999999995,103,4118,0.0060643000000055736,0.10880519999979299,0.07059020000077965,0.9146031999996325,0.0,0.0,0.9302813000004733,0.08311639999972442,0.16177849999992588,0.13179800000017394,1.3705646999999601,48669,8000,0.04813989999995272
A-n45-k6,WOA,WOA,none,2,202028,40,200,944.0,1437.0,1437.0,52.22457627118644,52.22457627118644,6,6,100,100,True,True,True,0,0,0,0,0,1.6891719999999992,0.841795999999988,87,3473,0.0057132999999964795,0.10880300000003729,0.07038219999964213,1.0740652000005184,0.0,0.0,1.0902061999996278,0.08827520000042455,0.16089049999962413,0.13182370000001242,1.5345793999997994,48772,8000,0.049218899999743826
A-n45-k6,WOA,WOA,none,3,202029,40,200,944.0,1392.0,1392.0,47.45762711864407,47.45762711864407,6,6,100,100,True,True,True,0,0,0,0,0,1.5856389000000064,1.4449390999999991,159,6351,0.006261300000005576,0.10401880000016206,0.06780189999966524,1.0074993000002905,0.0,0.0,1.0225434000000746,0.07786730000094622,0.1528066999992319,0.1235207999999659,1.4407320000003097,48982,8000,0.04586279999973897
A-n45-k6,SSA,SSA,none,1,203027,40,200,944.0,1794.0,1794.0,90.04237288135593,90.04237288135593,6,6,100,100,True,True,True,0,0,0,0,0,2.8226504000000006,2.1461955999999986,151,6026,0.005708699999999567,0.10601339999938375,0.06975279999997497,2.19483540000013,0.0,0.0,2.2121103000000915,0.1515112999996262,0.15892409999953827,0.08419329999983916,2.715215600000775,49314,8000,0.05171140000150842
A-n45-k6,SSA,SSA,none,2,203028,40,200,944.0,1650.0,1650.0,74.78813559322033,74.78813559322033,6,6,100,100,True,True,True,0,0,0,0,0,2.7658382999999986,2.426309599999996,174,6921,0.0056861999999995305,0.10938350000060382,0.0698384000009753,2.1346197000004707,0.0,0.0,2.1523466999995406,0.14699759999975015,0.16194879999923728,0.08494770000010021,2.6574628000001894,49197,8000,0.05241639999886161
A-n45-k6,SSA,SSA,none,3,203029,40,200,944.0,1817.0,1817.0,92.47881355932203,92.47881355932203,6,6,100,100,True,True,True,0,0,0,0,0,2.9855473000000075,2.819074200000003,189,7558,0.0058111000000025115,0.11366559999966341,0.07254820000021311,2.3109399000007187,0.0,0.0,2.329175099999901,0.16207299999996394,0.1731438999993884,0.09179649999992989,2.8685201000004383,49299,8000,0.05556910000012749
A-n45-k6,M-WOA,WOA,2opt_qualitybalanced_relocate,1,204027,40,200,944.0,1117.0,1117.0,18.326271186440678,18.326271186440678,6,6,100,100,True,True,True,0,0,0,0,0,7.214814899999993,7.044423600000002,187,7453,0.006039999999998713,0.09700640000026794,0.06314180000020997,1.9242068999998878,2.3850327999998484,2.3274212999999975,6.665272900000446,0.08684559999970531,0.1587474000017295,0.1069289000000424,7.085367100000781,3694182,8000,0.059443799998305735
A-n45-k6,M-WOA,WOA,2opt_qualitybalanced_relocate,2,204028,40,200,944.0,1121.0,1121.0,18.75,18.75,6,6,100,100,True,True,True,0,0,0,0,0,3.099599600000005,1.8767689000000018,96,3822,0.00317619999999863,0.052127200000427365,0.042092099999919697,0.6705733000000578,1.2169910999997597,0.9002692000001673,2.8048081000010114,0.036038700000531776,0.0918438999990201,0.0517334999999548,3.035346099999046,2867217,8000,0.03475440000016761
A-n45-k6,M-WOA,WOA,2opt_qualitybalanced_relocate,3,204029,40,200,944.0,1037.0,1037.0,9.851694915254237,9.851694915254237,6,6,100,100,True,True,True,0,0,0,0,0,3.863963400000003,2.4063079999999957,99,3934,0.0027704999999969004,0.05400580000062405,0.04222889999991253,1.0849159000008086,1.4020287000007983,1.0468714999997957,3.5511104000004963,0.049514600000122755,0.09446730000004777,0.05073379999986116,3.8001868000002474,3173288,8000,0.03642639999803521
A-n45-k6,M-SSA,SSA,2opt_qualitybalanced_relocate,1,205027,40,200,944.0,1249.0,1249.0,32.309322033898304,32.309322033898304,6,6,100,100,True,True,True,0,0,0,0,0,5.596743799999999,4.347770300000008,156,6201,0.002697799999992867,0.058172099999382,0.04385950000018113,1.793534599999532,1.9372290999990298,1.486362599998813,5.236425900000157,0.0931128000001138,0.10508340000009753,0.03633139999988089,5.5458906000006465,4452183,8000,0.04036050000297564
A-n45-k6,M-SSA,SSA,2opt_qualitybalanced_relocate,2,205028,40,200,944.0,1192.0,1192.0,26.271186440677965,26.271186440677965,6,6,100,100,True,True,True,0,0,0,0,0,5.825152000000003,4.965676800000011,170,6779,0.0035609999999905995,0.058317000000187136,0.04408610000169233,1.8367485999982591,2.0164331000001994,1.588048299999656,5.460448300000763,0.0947455000024604,0.10658220000016172,0.03689780000027554,5.773670699999116,4424772,8000,0.03973239999712064
A-n45-k6,M-SSA,SSA,2opt_qualitybalanced_relocate,3,205029,40,200,944.0,1269.0,1269.0,34.42796610169491,34.42796610169491,6,6,100,100,True,True,True,0,0,0,0,0,8.872826900000007,8.609287300000005,196,7801,0.002758499999998776,0.10603630000105113,0.06480810000056181,2.8290980000022046,2.995975999999871,2.4080059000005463,8.263866800001267,0.14495869999910838,0.17909229999975196,0.07269980000017995,8.77423009999896,4471506,8000,0.06939329999673305
A-n54-k7,WOA,WOA,none,1,302027,40,200,1167.0,1941.0,1941.0,66.32390745501286,66.32390745501286,7,7,100,100,True,True,True,0,0,0,0,0,1.0007399000000134,0.7191940000000159,121,4809,0.007669399999997495,0.11372320000086233,0.0809871000003568,0.3746033000010698,0.0,0.0,0.39076529999903187,0.08133479999892756,0.16956490000012536,0.12695130000008703,0.8514439000003904,56007,8000,0.045905899998587074
A-n54-k7,WOA,WOA,none,2,302028,40,200,1167.0,2258.0,2258.0,93.48757497857756,93.48757497857756,7,7,100,100,True,True,True,0,0,0,0,0,0.851659699999999,0.5845324000000005,114,4532,0.00782010000000355,0.11366750000073012,0.08043260000061991,0.24228959999913968,0.0,0.0,0.25789250000011066,0.06130900000110273,0.17006849999913243,0.13135080000009225,0.6982001999996612,56007,8000,0.04472159999917835
A-n54-k7,WOA,WOA,none,3,302029,40,200,1167.0,1865.0,1865.0,59.811482433590406,59.811482433590406,7,7,100,100,True,True,True,0,0,0,0,0,0.8132504000000154,0.5475011999999992,108,4303,0.007813599999991538,0.11303390000185232,0.08027909999913163,0.2022201000003463,0.0,0.0,0.2176827999991815,0.07003949999884185,0.16822320000164837,0.1278432999997392,0.6638232000000528,56007,8000,0.04379769999846417
A-n54-k7,SSA,SSA,none,1,303027,40,200,1167.0,2290.0,2290.0,96.22964867180805,96.22964867180805,7,7,100,100,True,True,True,0,0,0,0,0,1.310793899999993,1.1318661999999904,155,6161,0.008022500000009813,0.10942749999910006,0.07907009999939874,0.687839799998244,0.0,0.0,0.7049066000014648,0.12850620000193658,0.1651807999988364,0.08642389999991451,1.2021482000006927,56007,8000,0.04632310000255302
A-n54-k7,SSA,SSA,none,2,303028,40,200,1167.0,2330.0,2330.0,99.65724078834619,99.65724078834619,7,7,100,100,True,True,True,0,0,0,0,0,1.371676199999996,0.6664682999999911,78,3111,0.007663900000011381,0.11552369999995449,0.08153150000109122,0.7289226000007716,0.0,0.0,0.7460172000016598,0.12599540000022103,0.17272649999924283,0.09125689999987685,1.2575848000006147,56007,8000,0.04805569999882664
A-n54-k7,SSA,SSA,none,3,303029,40,200,1167.0,2257.0,2257.0,93.40188517566409,93.40188517566409,7,7,100,100,True,True,True,0,0,0,0,0,1.3094976000000145,1.088131699999991,139,5521,0.008290200000004688,0.11608990000183894,0.08182939999846894,0.6647650999999257,0.0,0.0,0.6816333000006409,0.12509199999936982,0.17340519999865478,0.09283209999989595,1.1936784999987822,56007,8000,0.04719370000185563
A-n54-k7,M-WOA,WOA,2opt_qualitybalanced_relocate,1,304027,40,200,1167.0,1384.0,1384.0,18.594687232219364,18.594687232219364,7,7,100,100,True,True,True,0,0,0,0,0,10.68685640000001,4.577333500000009,71,2835,0.007652300000017931,0.09550599999872134,0.06493150000162018,0.4306913000000918,3.0510381999994536,6.62639310000003,10.134907600000645,0.10447089999894388,0.16520480000053794,0.08767430000014542,10.578181999998463,5391037,8000,0.053294000000448705
A-n54-k7,M-WOA,WOA,2opt_qualitybalanced_relocate,2,304028,40,200,1167.0,1332.0,1332.0,14.138817480719794,14.138817480719794,7,7,100,100,True,True,True,0,0,0,0,0,11.576113300000003,9.559388100000007,170,6796,0.00820579999998472,0.13146419999981163,0.08567579999859731,0.62364600000069,4.355286200000961,5.826645599999495,10.840211199999203,0.12336159999952656,0.21371590000171636,0.13535490000012373,11.412131400001186,5497467,8000,0.07275729999909686
A-n54-k7,M-WOA,WOA,2opt_qualitybalanced_relocate,3,304029,40,200,1167.0,1295.0,1295.0,10.968294772922022,10.968294772922022,7,7,100,100,True,True,True,0,0,0,0,0,12.65474260000002,1.57729980000002,29,1123,0.008320099999991726,0.1304323999995063,0.08529919999836011,0.6061055999958285,3.9892336000020236,7.30208209999941,11.934293299999382,0.11458669999927906,0.211631899999702,0.1326492999998834,12.4935703000005,5241238,8000,0.0744017000060353
A-n54-k7,M-SSA,SSA,2opt_qualitybalanced_relocate,1,305027,40,200,1167.0,1284.0,1284.0,10.025706940874036,10.025706940874036,7,7,100,100,True,True,True,0,0,0,0,0,12.989457399999992,11.277574299999998,183,7282,0.007705100000009679,0.13163680000039335,0.0849729000002526,0.9454755000014643,5.332861100000883,5.911786399999926,12.226049199998982,0.19133240000056162,0.21359599999982493,0.09460519999979056,12.86575279999849,6532763,8000,0.07548599999688577
A-n54-k7,M-SSA,SSA,2opt_qualitybalanced_relocate,2,305028,40,200,1167.0,1480.0,1480.0,26.820908311910884,26.820908311910884,7,7,100,100,True,True,True,0,0,0,0,0,10.583792499999987,9.840454299999976,186,7402,0.007663100000002032,0.12480529999962187,0.08311479999852622,0.9617424000012988,5.474364299999735,3.397066800000431,9.866506799999854,0.1752237000007142,0.19861740000013128,0.0897860000001458,10.467295000000945,6579602,8000,0.07140869999938104
A-n54-k7,M-SSA,SSA,2opt_qualitybalanced_relocate,3,305029,40,200,1167.0,1289.0,1289.0,10.454155955441303,10.454155955441303,7,7,100,100,True,True,True,0,0,0,0,0,13.054676900000004,12.898596099999992,199,7929,0.007967699999994693,0.12685100000106786,0.08396289999976148,0.940639799997399,5.0793689999987635,6.287086899998968,12.341322499999762,0.16456050000016376,0.2035662999986414,0.0894404000003135,12.937742099999525,6432450,8000,0.0712324000049307
A-n60-k9,WOA,WOA,none,1,402027,40,200,1354.0,2460.0,2460.0,81.68389955686854,81.68389955686854,9,9,100,100,True,True,True,0,0,0,0,0,0.6924445999999875,0.3177851000000089,73,2910,0.010174799999987272,0.11219710000122518,0.08479889999975398,0.08381950000139682,0.0,0.0,0.09982479999879956,0.06592350000065039,0.17161909999967406,0.12281830000000582,0.5483069999998804,72009,8000,0.041093399997294
A-n60-k9,WOA,WOA,none,2,402028,40,200,1354.0,2442.0,2442.0,80.35450516986707,80.35450516986707,9,9,98,100,True,True,True,0,0,0,0,0,0.8572498000000053,0.6743306999999845,148,5917,0.010247399999997242,0.1192420000007246,0.088259399999572,0.1866863999987345,0.0,0.0,0.20392980000085004,0.09837610000155905,0.1806340000004809,0.1280424000001119,0.7056515999998396,72009,8000,0.04576209999882508
A-n60-k9,WOA,WOA,none,3,402029,40,200,1354.0,2429.0,2429.0,79.3943870014771,79.3943870014771,9,9,100,100,True,True,True,0,0,0,0,0,0.8145022999999867,0.6039011999999957,127,5061,0.010190100000016855,0.11475029999877506,0.08598669999986441,0.18565140000026759,0.0,0.0,0.20188279999953807,0.07688250000046537,0.17437810000063791,0.12393249999993827,0.66856670000044,72009,8000,0.042730700000021216
A-n60-k9,SSA,SSA,none,1,403027,40,200,1354.0,2815.0,2815.0,107.90251107828657,107.90251107828657,9,9,100,100,True,True,True,0,0,0,0,0,0.9021536999999853,0.7372264999999913,134,5322,0.010156499999993684,0.11158960000159368,0.08493120000093768,0.2781040000012922,0.0,0.0,0.29454569999856517,0.1150149000002898,0.17120680000007837,0.0880751999998779,0.7919843000007063,72009,8000,0.04307549999592197
A-n60-k9,SSA,SSA,none,2,403028,40,200,1354.0,2644.0,2644.0,95.27326440177252,95.27326440177252,9,9,100,100,True,True,True,0,0,0,0,0,0.887847800000003,0.686156699999998,131,5203,0.010120300000011184,0.11327959999945847,0.08568280000093864,0.2564597999998455,0.0,0.0,0.2735565999996652,0.11734799999973689,0.17252200000089601,0.08896640000008915,0.7768011000010802,72009,8000,0.043468899999027144
A-n60-k9,SSA,SSA,none,3,403029,40,200,1354.0,2866.0,2866.0,111.66912850812407,111.66912850812407,9,9,100,100,True,True,True,0,0,0,0,0,0.9370392000000152,0.8572199000000182,173,6908,0.009704799999980196,0.121588300000667,0.08909049999925855,0.25889489999892135,0.0,0.0,0.2767286999995804,0.13485390000059283,0.1823409000005256,0.09380349999977966,0.8196370999992553,72009,8000,0.04676240000028997
A-n60-k9,M-WOA,WOA,2opt_qualitybalanced_relocate,1,404027,40,200,1354.0,1570.0,1570.0,15.952732644017726,15.952732644017726,9,9,100,100,True,True,True,0,0,0,0,0,13.289488199999994,4.9379750999999885,93,3702,0.009716599999990194,0.13359180000060178,0.09244020000090813,0.23335329999949295,3.0580704000017818,9.218420899998904,12.544505099999583,0.12316939999971055,0.2183664999993482,0.13175810000004162,13.129312499999259,4007099,8000,0.07060099999921476
A-n60-k9,M-WOA,WOA,2opt_qualitybalanced_relocate,2,404028,40,200,1354.0,1561.0,1561.0,15.288035450516986,15.288035450516986,9,9,100,100,True,True,True,0,0,0,0,0,14.573466300000007,11.982073200000002,170,6797,0.011263799999994717,0.14241999999967447,0.09603680000270742,0.2810630000009553,3.8368007999999065,9.604110100000725,13.760959400000047,0.1536541999990675,0.23647950000119522,0.13481820000006906,14.407872499999627,4616902,8000,0.07681989999571215
A-n60-k9,M-WOA,WOA,2opt_qualitybalanced_relocate,3,404029,40,200,1354.0,1472.0,1472.0,8.714918759231905,8.714918759231905,9,9,100,100,True,True,True,0,0,0,0,0,17.787523300000032,16.398773100000028,189,7550,0.00972010000000978,0.14228950000011764,0.09387929999962807,0.23577840000018568,3.6610809000025597,13.060549399999474,16.994263799997384,0.13657850000134886,0.23988519999792857,0.13114210000000526,17.625195299999064,4810413,8000,0.07661989999877505
A-n60-k9,M-SSA,SSA,2opt_qualitybalanced_relocate,1,405027,40,200,1354.0,1475.0,1475.0,8.936484490398819,8.936484490398819,9,9,100,100,True,True,True,0,0,0,0,0,15.280228099999988,10.937634099999968,163,6481,0.01047479999999723,0.14243599999787193,0.09506649999741512,0.3737792999949079,4.235562799995364,9.807725300005245,14.454373200000134,0.20394300000407384,0.23570519999776707,0.09792589999966594,15.150253100000725,5132228,8000,0.07760930000767985
A-n60-k9,M-SSA,SSA,2opt_qualitybalanced_relocate,2,405028,40,200,1354.0,1607.0,1607.0,18.685376661742986,18.685376661742986,9,9,99,100,True,True,True,0,0,0,0,0,13.306264199999987,7.929224900000008,134,5328,0.01015180000001692,0.13737450000104445,0.09517679999879647,0.38604230000015605,4.2817221000000245,7.791375599998673,12.498532399999135,0.20106909999822165,0.22889990000197713,0.09625870000047598,13.179144700001416,5128917,8000,0.07819340000060038
A-n60-k9,M-SSA,SSA,2opt_qualitybalanced_relocate,3,405029,40,200,1354.0,1512.0,1512.0,11.669128508124077,11.669128508124077,9,9,100,100,True,True,True,0,0,0,0,0,11.310756099999992,10.900301800000022,194,7721,0.010332799999957842,0.11880190000078983,0.08128749999690399,0.34712010000197324,3.6964742000035926,6.540402899998298,10.615590800000462,0.17480080000262888,0.19864389999963805,0.07931549999949539,11.205161500001282,5171795,8000,0.06357649999671366
A-n80-k10,WOA,WOA,none,1,502027,40,200,1763.0,3326.0,3326.0,88.65570051049347,88.65570051049347,10,10,100,100,True,True,True,0,0,0,0,0,0.5345293999999967,0.4050187000000278,140,5586,0.007219500000019252,0.06482789999984107,0.063236199997732,0.16909410000016578,0.0,0.0,0.1808603999986076,0.0490504999996233,0.10949740000199881,0.04823620000001938,0.4749227000004339,80010,8000,0.023367600000597122
A-n80-k10,WOA,WOA,none,2,502028,40,200,1763.0,3310.0,3310.0,87.74815655133295,87.74815655133295,10,10,100,100,True,True,True,0,0,0,0,0,0.5227184000000307,0.4479140999999913,159,6324,0.007188400000018191,0.06418300000086674,0.06265280000235407,0.15859619999866936,0.0,0.0,0.16923529999849052,0.0541253999982132,0.10702809999997953,0.047382199999731256,0.4644431000014606,80010,8000,0.02156230000019832
A-n80-k10,WOA,WOA,none,3,502029,40,200,1763.0,3509.0,3509.0,99.03573454339194,99.03573454339194,10,10,100,100,True,True,True,0,0,0,0,0,0.48153579999996055,0.13440379999997276,35,1384,0.007885600000008708,0.062460799996529204,0.06233130000299525,0.13934000000227797,0.0,0.0,0.14982120000138366,0.03744749999918895,0.1053817000005779,0.04671869999998535,0.4245059000027709,80010,8000,0.01997019999839722
A-n80-k10,SSA,SSA,none,1,503027,40,200,1763.0,4007.0,4007.0,127.2830402722632,127.2830402722632,10,10,100,100,True,True,True,0,0,0,0,0,0.7326231000000121,0.6391357999999627,145,5765,0.007092000000000098,0.06635510000182876,0.06436189999953967,0.3323274999941077,0.0,0.0,0.34390939999582315,0.08960660000133203,0.1110133999980576,0.03833169999961683,0.6827673999998751,80010,8000,0.02353490000552938
A-n80-k10,SSA,SSA,none,2,503028,40,200,1763.0,3641.0,3641.0,106.52297220646625,106.52297220646625,10,10,100,100,True,True,True,0,0,0,0,0,0.6316375000000107,0.5648698999999624,160,6362,0.006971799999973882,0.06513209999690162,0.06273900000172716,0.24175740000237056,0.0,0.0,0.2529708000007531,0.08291699999853108,0.10993990000031317,0.03896310000050107,0.5810785999992731,80010,8000,0.023217199999692184
A-n80-k10,SSA,SSA,none,3,503029,40,200,1763.0,3521.0,3521.0,99.71639251276234,99.71639251276234,10,10,100,100,True,True,True,0,0,0,0,0,0.7898361000000023,0.6452143999999862,137,5441,0.007298699999978453,0.06679789999947161,0.06441020000028175,0.374634999998932,0.0,0.0,0.3866384999955699,0.100162099999352,0.11320759999921393,0.03916960000032077,0.7388115000001108,80010,8000,0.024155000002451743
A-n80-k10,M-WOA,WOA,2opt_qualitybalanced_relocate,1,504027,40,200,1763.0,2043.0,2043.0,15.882019285309132,15.882019285309132,10,10,100,100,True,True,True,0,0,0,0,0,9.808667200000002,9.751693199999977,200,7963,0.007129899999995359,0.0891717999987236,0.07142439999682892,0.34049540000438583,3.8394227999990562,5.079121699999575,9.281962400002158,0.1196350000012103,0.16087070000151016,0.05749379999991788,9.732745600000044,8139404,8000,0.04390169999879845
A-n80-k10,M-WOA,WOA,2opt_qualitybalanced_relocate,2,504028,40,200,1763.0,2037.0,2037.0,15.541690300623937,15.541690300623937,10,10,100,100,True,True,True,0,0,0,0,0,10.848729600000013,8.267353799999967,169,6733,0.007169099999998707,0.08539000000001806,0.06996069999451038,0.24670510000413515,3.5298403000047074,6.5526288000017985,10.350911100000587,0.10648969999908786,0.15330409999882022,0.055618299999821375,10.775354499998343,7847804,8000,0.04162349999711523
A-n80-k10,M-WOA,WOA,2opt_qualitybalanced_relocate,3,504029,40,200,1763.0,2075.0,2075.0,17.697107203630175,17.697107203630175,10,10,100,100,True,True,True,0,0,0,0,0,7.6083618000000115,7.518051400000047,200,7964,0.00717259999998987,0.08017810000370673,0.06853019999834942,0.3349933000020542,4.0721485000019015,2.6961206000020184,7.124521400003005,0.11273980000004258,0.14184700000186012,0.05498999999986154,7.536993500000278,8646826,8000,0.03964169999022715
A-n80-k10,M-SSA,SSA,2opt_qualitybalanced_relocate,1,505027,40,200,1763.0,2111.0,2111.0,19.73908111174135,19.73908111174135,10,10,100,100,True,True,True,0,0,0,0,0,14.401949399999978,11.580370500000015,169,6721,0.006990200000018376,0.08989039999602255,0.07060000000325317,0.40020310000267045,5.286327199998198,8.151619099999323,13.861133500002609,0.1435661999988156,0.16275429999933522,0.04525609999956259,14.337658400000805,11433085,8000,0.04474280000277986
A-n80-k10,M-SSA,SSA,2opt_qualitybalanced_relocate,2,505028,40,200,1763.0,2257.0,2257.0,28.020419739081113,28.020419739081113,10,10,100,100,True,True,True,0,0,0,0,0,13.862547000000006,10.598826400000007,165,6561,0.007185300000003281,0.08913370000129817,0.07039510000447535,0.40710809999382036,5.113392900000122,7.780040199999121,13.32337520000226,0.14362879999919187,0.16215880000464722,0.04504449999984672,13.798350399998526,11051638,8000,0.044459599997480836
A-n80-k10,M-SSA,SSA,2opt_qualitybalanced_relocate,3,505029,40,200,1763.0,2263.0,2263.0,28.360748723766307,28.360748723766307,10,10,99,100,True,True,True,0,0,0,0,0,14.716818799999999,9.160972199999946,140,5561,0.007056900000009136,0.08940849999549982,0.07032829999758405,0.3854399000010744,5.154896600002928,8.618177199999877,14.181244000002891,0.14044430000211605,0.16170550000055073,0.04540309999993042,14.652763099998992,11231578,8000,0.04395850000042856
B-n50-k7,WOA,WOA,none,1,602027,40,200,741.0,1699.0,1699.0,129.28475033738192,129.28475033738192,7,7,99,100,True,True,True,0,0,0,0,0,0.26130399999999554,0.1380513000000292,101,4002,0.0036293000000000575,0.0427300999984368,0.0402848999995058,0.01247270000322942,0.0,0.0,0.020653400000810507,0.024341700001855315,0.07327460000004749,0.04493549999995139,0.2081651000019633,56007,8000,0.019635199996969277
B-n50-k7,WOA,WOA,none,2,602028,40,200,741.0,1566.0,1566.0,111.33603238866397,111.33603238866397,7,7,99,100,True,True,True,0,0,0,0,0,0.28895060000002104,0.1635622000000012,106,4218,0.0035417000000279586,0.042690799998410967,0.04015909999560563,0.03226939999916567,0.0,0.0,0.040878699999666424,0.030418300003987042,0.07403149999993275,0.04527339999975766,0.2349965999997039,56007,8000,0.020566400003133367
B-n50-k7,WOA,WOA,none,3,602029,40,200,741.0,1822.0,1822.0,145.88394062078274,145.88394062078274,7,7,100,100,True,True,True,0,0,0,0,0,0.2538582999999903,0.04418060000000423,31,1228,0.0035265999999865016,0.04269650000026104,0.04001489999905061,0.008680299999525687,0.0,0.0,0.016585800003269924,0.02178130000118017,0.07287329999707026,0.04500539999975217,0.20066790000032597,56007,8000,0.019280000003163877
B-n50-k7,SSA,SSA,none,1,603027,40,200,741.0,1917.0,1917.0,158.70445344129556,158.70445344129556,7,7,98,100,True,True,True,0,0,0,0,0,0.2790593999999942,0.19613720000000967,130,5161,0.003472799999997278,0.043063699997560434,0.040375299997322145,0.020947500001284425,0.0,0.0,0.029680299999768067,0.045107499999915035,0.07400649999692632,0.03126139999949373,0.23920179999839775,56007,8000,0.020824700007494812
B-n50-k7,SSA,SSA,none,2,603028,40,200,741.0,1986.0,1986.0,168.0161943319838,168.0161943319838,7,7,97,100,True,True,True,0,0,0,0,0,0.26690129999997225,0.17087920000000167,119,4753,0.003481200000010176,0.042251000003318495,0.040227300000765354,0.012754599999539096,0.0,0.0,0.02126079999857211,0.043131200000743775,0.07323819999839998,0.03149789999940822,0.22692609999847946,56007,8000,0.02031989999778716
B-n50-k7,SSA,SSA,none,3,603029,40,200,741.0,1815.0,1815.0,144.93927125506073,144.93927125506073,7,7,100,100,True,True,True,0,0,0,0,0,0.2868209999999749,0.1995172000000025,126,5014,0.0035378999999693406,0.043081700002630896,0.040628999998659765,0.025499399999091565,0.0,0.0,0.03407849999666723,0.045531999999980144,0.07559710000140285,0.0319087999997123,0.24575959999975794,56007,8000,0.02103509999852804
B-n50-k7,M-WOA,WOA,2opt_qualitybalanced_relocate,1,604027,40,200,741.0,871.0,871.0,17.54385964912281,17.54385964912281,7,7,97,100,True,True,True,0,0,0,0,0,6.955913800000019,1.760355000000004,60,2390,0.0035093000000188113,0.05771320000127389,0.046310699998798555,0.03806860000213419,2.256256500001541,4.289147400000161,6.601553400001933,0.06653849999980821,0.107038700000885,0.05416070000029549,6.887960600000099,5011649,8000,0.03717019999510285
B-n50-k7,M-WOA,WOA,2opt_qualitybalanced_relocate,2,604028,40,200,741.0,744.0,744.0,0.4048582995951417,0.4048582995951417,7,7,100,100,True,True,True,0,0,0,0,0,13.050150900000006,8.445322800000042,148,5881,0.004027100000030259,0.06644159999729027,0.04801350000172988,0.04374489999560183,1.8920355000017253,10.704678600000307,12.660178400001257,0.06662169999890466,0.12791870000120298,0.05581840000019156,12.978374400002053,4748406,8000,0.04085090000302216
B-n50-k7,M-WOA,WOA,2opt_qualitybalanced_relocate,3,604029,40,200,741.0,876.0,876.0,18.218623481781375,18.218623481781375,7,7,99,100,True,True,True,0,0,0,0,0,5.1294873999999595,1.667527199999995,64,2523,0.0036238000000139436,0.05738670000158663,0.04580600000207369,0.044450600003244745,2.1301763999991863,2.5866232000037144,4.779053799996234,0.0647665999970286,0.10643000000317215,0.053537099999857674,5.062224300001503,4409234,8000,0.036686999990081404
B-n50-k7,M-SSA,SSA,2opt_qualitybalanced_relocate,1,605027,40,200,741.0,752.0,752.0,1.484480431848853,1.484480431848853,7,7,98,100,True,True,True,0,0,0,0,0,12.393133199999966,10.617369399999973,183,7281,0.003557199999988825,0.06443499999528512,0.0474123999986773,0.04027630000467752,2.0397238999979663,9.925333099999364,12.024544100002629,0.06997100000398859,0.12251249999985703,0.039289800000517516,12.337838800004192,5121128,8000,0.040621999999643776
B-n50-k7,M-SSA,SSA,2opt_qualitybalanced_relocate,2,605028,40,200,741.0,746.0,746.0,0.6747638326585695,0.6747638326585695,7,7,98,100,True,True,True,0,0,0,0,0,11.433065099999965,8.093704000000002,158,6281,0.0035133999999743537,0.06193410000065569,0.0468938000008734,0.03740580000015825,2.2295663000047625,8.78957610000208,11.075315399999567,0.07151000000038721,0.1148446000020158,0.03822720000027857,11.37944320000139,5486383,8000,0.03959379998877921
B-n50-k7,M-SSA,SSA,2opt_qualitybalanced_relocate,3,605029,40,200,741.0,741.0,741.0,0.0,0.0,7,7,100,100,True,True,True,0,0,0,0,0,11.332277599999998,8.660268700000017,161,6401,0.0038549999999872853,0.06142110000024559,0.04707380000309058,0.04331149999836725,2.1735723999987613,8.742155500001388,10.977749800001448,0.07263760000398634,0.11241730000352845,0.03691810000020723,11.280303899996852,5329672,8000,0.038915299990435415
P-n76-k4,WOA,WOA,none,1,702027,40,200,593.0,1808.0,1808.0,204.8903878583474,204.8903878583474,4,4,350,350,True,True,True,0,0,0,0,0,1.5080820000000017,0.011370300000010047,5,169,0.0038551999999754116,0.06503689999703965,0.0622420000005377,1.1830165999995188,0.0,0.0,1.191725100002941,0.01641290000003437,0.10588579999858894,0.04803620000001274,1.4487669000011465,32004,8000,0.023596400004294082
P-n76-k4,WOA,WOA,none,2,702028,40,200,593.0,1803.0,1803.0,204.04721753794266,204.04721753794266,4,4,350,350,True,True,True,0,0,0,0,0,0.6306410000000255,0.04595830000005208,15,567,0.00398539999997638,0.06020609999904991,0.06021889999976793,0.3229194000028883,0.0,0.0,0.3301448999994818,0.017466100002138774,0.09925459999527675,0.046527900000171485,0.5742817999985164,32004,8000,0.020062600000755992
P-n76-k4,WOA,WOA,none,3,702029,40,200,593.0,1803.0,1803.0,204.04721753794266,204.04721753794266,4,4,350,350,True,True,True,0,0,0,0,0,0.3558420999999612,0.0075398999999833904,3,104,0.003790100000003349,0.05885649999703446,0.059859499997060084,0.0573714000024097,0.0,0.0,0.0638382999974283,0.014348199998721611,0.09741230000213363,0.045662299999946754,0.30119570000198337,32004,8000,0.0185418000026516
P-n76-k4,SSA,SSA,none,1,703027,40,200,593.0,1821.0,1821.0,207.08263069139966,207.08263069139966,4,4,350,350,True,True,True,0,0,0,0,0,0.4724377000000004,0.38294759999996586,140,5563,0.0037876999999753025,0.060423100002594765,0.060903600000131064,0.1301504000007867,0.0,0.0,0.1375621999999339,0.061006399999030236,0.09967450000056033,0.036055400000350346,0.4266324999987887,32004,8000,0.02043659999657166
P-n76-k4,SSA,SSA,none,2,703028,40,200,593.0,1814.0,1814.0,205.90219224283305,205.90219224283305,4,4,350,350,True,True,True,0,0,0,0,0,0.515319599999998,0.35699590000001535,120,4761,0.004138800000021092,0.06011899999742809,0.06082810000111749,0.17087420000035536,0.0,0.0,0.1781589000009376,0.06217779999877848,0.1006631999982801,0.03635840000072221,0.4690288000009559,32004,8000,0.020160100003295156
P-n76-k4,SSA,SSA,none,3,703029,40,200,593.0,1707.0,1707.0,187.858347386172,187.858347386172,4,4,350,350,True,True,True,0,0,0,0,0,0.4270825999999488,0.33106349999997065,136,5401,0.003963499999997566,0.05998090000059619,0.06067310000088355,0.09537520000037603,0.0,0.0,0.10235879999737563,0.050409699997942425,0.09984959999979992,0.03653060000010555,0.380829399997765,32004,8000,0.020300000000247564
P-n76-k4,M-WOA,WOA,2opt_qualitybalanced_relocate,1,704027,40,200,593.0,625.0,625.0,5.39629005059022,5.39629005059022,4,4,350,350,True,True,True,0,0,0,0,0,15.681661200000008,5.575635299999988,50,1974,0.0038496000000236563,0.0854384999977924,0.07153459999489087,0.12514689999568418,10.209507499999631,4.894031700003154,15.24648390000226,0.047170799997445556,0.1514504000015222,0.05310099999974227,15.611493399999347,23579608,8000,0.0404302000101211
P-n76-k4,M-WOA,WOA,2opt_qualitybalanced_relocate,2,704028,40,200,593.0,648.0,648.0,9.27487352445194,9.27487352445194,4,4,347,350,True,True,True,0,0,0,0,0,15.416104300000029,5.695176199999992,51,2009,0.003836900000010246,0.08411630000313153,0.07126000000283739,0.17840620000288254,9.734667399999353,5.051062899999295,14.982297200002506,0.051933999997061164,0.14750879999911604,0.05301800000046342,15.346429400000602,22754622,8000,0.040293799995879453
P-n76-k4,M-WOA,WOA,2opt_qualitybalanced_relocate,3,704029,40,200,593.0,685.0,685.0,15.51433389544688,15.51433389544688,4,4,350,350,True,True,True,0,0,0,0,0,20.570625899999982,5.6202359000000115,48,1884,0.00390799999996716,0.0894627999992963,0.07334639999675119,0.09094049999288245,11.407019499993226,8.59183389999879,20.108951700000773,0.05775989999756348,0.15894820000227128,0.05410500000016327,20.49822870000031,27106785,8000,0.04330170001907163
P-n76-k4,M-SSA,SSA,2opt_qualitybalanced_relocate,1,705027,40,200,593.0,638.0,638.0,7.588532883642496,7.588532883642496,4,4,350,350,True,True,True,0,0,0,0,0,29.293412700000033,27.217829499999937,185,7374,0.0038208000000281572,0.10036559999946348,0.07893379999950412,0.18271439999705308,19.47586170000517,9.081771499997615,28.761592399994697,0.09409360000034894,0.1805077000023516,0.045738999999912267,29.226448000003245,44834956,8000,0.04960459999858813
P-n76-k4,M-SSA,SSA,2opt_qualitybalanced_relocate,2,705028,40,200,593.0,662.0,662.0,11.63575042158516,11.63575042158516,4,4,348,350,True,True,True,0,0,0,0,0,28.15151370000001,22.90703069999995,156,6217,0.0038862999999764725,0.09966919999635593,0.07976929999699678,0.20375279999746,19.114388899992946,8.281176400009713,27.620559399998683,0.09536070000513064,0.17848429999605742,0.045442800000842,28.08485030000429,44178198,8000,0.04958300000453164
P-n76-k4,M-SSA,SSA,2opt_qualitybalanced_relocate,3,705029,40,200,593.0,651.0,651.0,9.780775716694773,9.780775716694773,4,4,348,350,True,True,True,0,0,0,0,0,27.247212500000046,25.924060800000007,182,7245,0.003903899999954774,0.09813879999774144,0.07841399999495025,0.20551169999066587,18.710312900002577,7.787810400007174,26.72474490000343,0.09111110000662848,0.17663799999456842,0.046569200000817546,27.179887600005486,42778870,8000,0.04880250000496744
