dataset,algorithm,run,seed,stage,seconds,percent_of_runtime,runtime_sec
A-n32-k5,WOA,1,2027,Initialization,0.002258299999999991,1.1216300314541114,0.2013409
A-n32-k5,WOA,1,2027,Decode,0.03153229999999729,15.661149821023594,0.2013409
A-n32-k5,WOA,1,2027,Split,0.02635800000000249,13.09122984947544,0.2013409
A-n32-k5,WOA,1,2027,Vehicle repair,0.006462299999998755,3.209631028767009,0.2013409
A-n32-k5,WOA,1,2027,2-opt local search,0.0,0.0,0.2013409
A-n32-k5,WOA,1,2027,Relocate local search,0.0,0.0,0.2013409
A-n32-k5,WOA,1,2027,Final cost evaluation,0.016904599999995495,8.396008957939245,0.2013409
A-n32-k5,WOA,1,2027,Lamarckian write-back,0.05392150000000023,26.781195474938393,0.2013409
A-n32-k5,WOA,1,2027,Position update,0.04528650000000062,22.49244937317784,0.2013409
A-n32-k5,WOA,1,2027,Other,0.018617400000005113,9.24670546322437,0.2013409
A-n32-k5,WOA,2,2028,Initialization,0.002355499999999955,1.1423092833300217,0.20620510000000003
A-n32-k5,WOA,2,2028,Decode,0.03254500000000671,15.782829813620857,0.20620510000000003
A-n32-k5,WOA,2,2028,Split,0.026701500000001266,12.949000776412058,0.20620510000000003
A-n32-k5,WOA,2,2028,Vehicle repair,0.0062190999999979235,3.015977781343877,0.20620510000000003
A-n32-k5,WOA,2,2028,2-opt local search,0.0,0.0,0.20620510000000003
A-n32-k5,WOA,2,2028,Relocate local search,0.0,0.0,0.20620510000000003
A-n32-k5,WOA,2,2028,Final cost evaluation,0.017358800000002894,8.418220499882347,0.20620510000000003
A-n32-k5,WOA,2,2028,Lamarckian write-back,0.0550233999999985,26.683821108206583,0.20620510000000003
A-n32-k5,WOA,2,2028,Position update,0.04666400000000026,22.62989615678771,0.20620510000000003
A-n32-k5,WOA,2,2028,Other,0.019337799999992522,9.377944580416546,0.20620510000000003
A-n32-k5,WOA,3,2029,Initialization,0.0020499999999999963,0.979369696772808,0.20931829999999996
A-n32-k5,WOA,3,2029,Decode,0.03305219999999487,15.790401508131337,0.20931829999999996
A-n32-k5,WOA,3,2029,Split,0.027752000000003663,13.2582769877281,0.20931829999999996
A-n32-k5,WOA,3,2029,Vehicle repair,0.006420000000003978,3.0670992455050414,0.20931829999999996
A-n32-k5,WOA,3,2029,2-opt local search,0.0,0.0,0.20931829999999996
A-n32-k5,WOA,3,2029,Relocate local search,0.0,0.0,0.20931829999999996
A-n32-k5,WOA,3,2029,Final cost evaluation,0.017827900000002117,8.517124398584414,0.20931829999999996
A-n32-k5,WOA,3,2029,Lamarckian write-back,0.0551727999999988,26.358326051758883,0.20931829999999996
A-n32-k5,WOA,3,2029,Position update,0.04710989999999937,22.50634559902282,0.20931829999999996
A-n32-k5,WOA,3,2029,Other,0.019933499999997162,9.523056512496598,0.20931829999999996
A-n32-k5,SSA,1,3027,Initialization,0.0021356999999999626,1.1185739739989102,0.19093059999999995
A-n32-k5,SSA,1,3027,Decode,0.03145069999999328,16.472320309051188,0.19093059999999995
A-n32-k5,SSA,1,3027,Split,0.026382500000001974,13.817847951036649,0.19093059999999995
A-n32-k5,SSA,1,3027,Vehicle repair,0.006057200000006091,3.1724616169467295,0.19093059999999995
A-n32-k5,SSA,1,3027,2-opt local search,0.0,0.0,0.19093059999999995
A-n32-k5,SSA,1,3027,Relocate local search,0.0,0.0,0.19093059999999995
A-n32-k5,SSA,1,3027,Final cost evaluation,0.02452279999999285,12.843829119058368,0.19093059999999995
A-n32-k5,SSA,1,3027,Lamarckian write-back,0.05325850000000654,27.894166781022292,0.19093059999999995
A-n32-k5,SSA,1,3027,Position update,0.028460699999999894,14.906306270445858,0.19093059999999995
A-n32-k5,SSA,1,3027,Other,0.01866249999999936,9.77449397844,0.19093059999999995
A-n32-k5,SSA,2,3028,Initialization,0.0021307999999999883,1.0644611452698665,0.20017639999999992
A-n32-k5,SSA,2,3028,Decode,0.03324260000000079,16.606652932114276,0.20017639999999992
A-n32-k5,SSA,2,3028,Split,0.028452600000004047,14.213763460629753,0.20017639999999992
A-n32-k5,SSA,2,3028,Vehicle repair,0.006487600000006477,3.2409414896094044,0.20017639999999992
A-n32-k5,SSA,2,3028,2-opt local search,0.0,0.0,0.20017639999999992
A-n32-k5,SSA,2,3028,Relocate local search,0.0,0.0,0.20017639999999992
A-n32-k5,SSA,2,3028,Final cost evaluation,0.02382019999999252,11.899604548784236,0.20017639999999992
A-n32-k5,SSA,2,3028,Lamarckian write-back,0.056254200000007026,28.10231375926785,0.20017639999999992
A-n32-k5,SSA,2,3028,Position update,0.029964399999998337,14.968997344341465,0.20017639999999992
A-n32-k5,SSA,2,3028,Other,0.019823999999990738,9.903265319983147,0.20017639999999992
A-n32-k5,SSA,3,3029,Initialization,0.002253099999999897,1.1851827693750885,0.19010569999999993
A-n32-k5,SSA,3,3029,Decode,0.03112320000000235,16.37152384173771,0.19010569999999993
A-n32-k5,SSA,3,3029,Split,0.02611059999999532,13.734780177551398,0.19010569999999993
A-n32-k5,SSA,3,3029,Vehicle repair,0.006076100000004692,3.1961692889822313,0.19010569999999993
A-n32-k5,SSA,3,3029,2-opt local search,0.0,0.0,0.19010569999999993
A-n32-k5,SSA,3,3029,Relocate local search,0.0,0.0,0.19010569999999993
A-n32-k5,SSA,3,3029,Final cost evaluation,0.024324099999999405,12.79503981206214,0.19010569999999993
A-n32-k5,SSA,3,3029,Lamarckian write-back,0.05328770000000427,28.03056404937058,0.19010569999999993
A-n32-k5,SSA,3,3029,Position update,0.02869940000000204,15.096548919891434,0.19010569999999993
A-n32-k5,SSA,3,3029,Other,0.018231499999991962,9.590191141029422,0.19010569999999993
A-n32-k5,M-WOA,1,4027,Initialization,0.0019500000000001183,0.04072376616229938,4.7883587
A-n32-k5,M-WOA,1,4027,Decode,0.04669210000001356,0.9751170061677619,4.7883587
A-n32-k5,M-WOA,1,4027,Split,0.03244630000001281,0.6776079661703875,4.7883587
A-n32-k5,M-WOA,1,4027,Vehicle repair,0.023901099999962483,0.49915015765135734,4.7883587
A-n32-k5,M-WOA,1,4027,2-opt local search,1.1026517999999985,23.027761057249084,4.7883587
A-n32-k5,M-WOA,1,4027,Relocate local search,3.38004630000001,70.58882827637808,4.7883587
A-n32-k5,M-WOA,1,4027,Final cost evaluation,0.032180300000027584,0.6720528267865059,4.7883587
A-n32-k5,M-WOA,1,4027,Lamarckian write-back,0.08298240000002544,1.733003001634473,4.7883587
A-n32-k5,M-WOA,1,4027,Position update,0.05033549999999809,1.0512057085447273,4.7883587
A-n32-k5,M-WOA,1,4027,Other,0.03517289999995121,0.734550233255316,4.7883587
A-n32-k5,M-WOA,2,4028,Initialization,0.0019153999999996785,0.03271015540516752,5.8556738
A-n32-k5,M-WOA,2,4028,Decode,0.04790439999995222,0.8180851877362468,5.8556738
A-n32-k5,M-WOA,2,4028,Split,0.032957599999985376,0.5628318981836963,5.8556738
A-n32-k5,M-WOA,2,4028,Vehicle repair,0.02529120000007179,0.4319093047852459,5.8556738
A-n32-k5,M-WOA,2,4028,2-opt local search,1.133610400000011,19.35917946795484,5.8556738
A-n32-k5,M-WOA,2,4028,Relocate local search,4.402221600000022,75.17873690300205,5.8556738
A-n32-k5,M-WOA,2,4028,Final cost evaluation,0.034388900000037026,0.5872748581049209,5.8556738
A-n32-k5,M-WOA,2,4028,Lamarckian write-back,0.0893551000000592,1.525957610549604,5.8556738
A-n32-k5,M-WOA,2,4028,Position update,0.05161429999999001,0.8814408343577815,5.8556738
A-n32-k5,M-WOA,2,4028,Other,0.036414899999871686,0.621873779920454,5.8556738
A-n32-k5,M-WOA,3,4029,Initialization,0.0021713000000005422,0.041521766131287274,5.229305499999999
A-n32-k5,M-WOA,3,4029,Decode,0.04654160000002072,0.8900149360181908,5.229305499999999
A-n32-k5,M-WOA,3,4029,Split,0.03213210000019551,0.614462092532087,5.229305499999999
A-n32-k5,M-WOA,3,4029,Vehicle repair,0.025398200000067206,0.4856897345176565,5.229305499999999
A-n32-k5,M-WOA,3,4029,2-opt local search,1.0181869000000177,19.47078632143442,5.229305499999999
A-n32-k5,M-WOA,3,4029,Relocate local search,3.896581400000045,74.51431934890869,5.229305499999999
A-n32-k5,M-WOA,3,4029,Final cost evaluation,0.034936699999990495,0.6680944534602253,5.229305499999999
A-n32-k5,M-WOA,3,4029,Lamarckian write-back,0.08580220000002825,1.6407953216737532,5.229305499999999
A-n32-k5,M-WOA,3,4029,Position update,0.05230609999999558,1.0002494595122735,5.229305499999999
A-n32-k5,M-WOA,3,4029,Other,0.03524899999963793,0.6740665658114244,5.229305499999999
A-n32-k5,M-SSA,1,5027,Initialization,0.001939000000000135,0.03199755557818031,6.0598379000000016
A-n32-k5,M-SSA,1,5027,Decode,0.04970229999987197,0.8201919064513583,6.0598379000000016
A-n32-k5,M-SSA,1,5027,Split,0.03329250000014383,0.5493958840077855,6.0598379000000016
A-n32-k5,M-SSA,1,5027,Vehicle repair,0.025381899999690205,0.4188544383289559,6.0598379000000016
A-n32-k5,M-SSA,1,5027,2-opt local search,1.1886057999998663,19.61448176691106,6.0598379000000016
A-n32-k5,M-SSA,1,5027,Relocate local search,4.555566499999895,75.17637559248728,6.0598379000000016
A-n32-k5,M-SSA,1,5027,Final cost evaluation,0.04131889999982974,0.6818482718791823,6.0598379000000016
A-n32-k5,M-SSA,1,5027,Lamarckian write-back,0.09156319999983253,1.5109843119703337,6.0598379000000016
A-n32-k5,M-SSA,1,5027,Position update,0.03440629999997924,0.5677759136094916,6.0598379000000016
A-n32-k5,M-SSA,1,5027,Other,0.038061500000893034,0.6280943587763795,6.0598379000000016
A-n32-k5,M-SSA,2,5028,Initialization,0.0019519999999992876,0.027372235009866654,7.131313900000002
A-n32-k5,M-SSA,2,5028,Decode,0.058825600000240286,0.8248914691616683,7.131313900000002
A-n32-k5,M-SSA,2,5028,Split,0.03682079999990506,0.5163256100661205,7.131313900000002
A-n32-k5,M-SSA,2,5028,Vehicle repair,0.028520299999840404,0.39993050929703705,7.131313900000002
A-n32-k5,M-SSA,2,5028,2-opt local search,1.307434499999971,18.33371126742816,7.131313900000002
A-n32-k5,M-SSA,2,5028,Relocate local search,5.4548560999998905,76.49159995607386,7.131313900000002
A-n32-k5,M-SSA,2,5028,Final cost evaluation,0.04659869999997923,0.6534377907552101,7.131313900000002
A-n32-k5,M-SSA,2,5028,Lamarckian write-back,0.10808370000021483,1.5156211255854941,7.131313900000002
A-n32-k5,M-SSA,2,5028,Position update,0.04406519999997727,0.6179113781539929,7.131313900000002
A-n32-k5,M-SSA,2,5028,Other,0.04415699999998424,0.6191986584685919,7.131313900000002
A-n32-k5,M-SSA,3,5029,Initialization,0.004092400000001106,0.041633018210407775,9.829698099999998
A-n32-k5,M-SSA,3,5029,Decode,0.10548170000029344,1.0730919599686735,9.829698099999998
A-n32-k5,M-SSA,3,5029,Split,0.058116599999930685,0.5912348416878713,9.829698099999998
A-n32-k5,M-SSA,3,5029,Vehicle repair,0.04231369999975598,0.430467950991862,9.829698099999998
A-n32-k5,M-SSA,3,5029,2-opt local search,2.1867607999995684,22.24646960418417,9.829698099999998
A-n32-k5,M-SSA,3,5029,Relocate local search,7.017894499999702,71.39481221706802,9.829698099999998
A-n32-k5,M-SSA,3,5029,Final cost evaluation,0.0750798000002959,0.7638057571706696,9.829698099999998
A-n32-k5,M-SSA,3,5029,Lamarckian write-back,0.1806864999998048,1.838169373684069,9.829698099999998
A-n32-k5,M-SSA,3,5029,Position update,0.08810310000000854,0.8962950754307353,9.829698099999998
A-n32-k5,M-SSA,3,5029,Other,0.07116900000063708,0.7240202016035172,9.829698099999998
A-n37-k6,WOA,1,102027,Initialization,0.004933999999998662,0.7372500126259945,0.6692437999999967
A-n37-k6,WOA,1,102027,Decode,0.08831690000001657,13.196521207968905,0.6692437999999967
A-n37-k6,WOA,1,102027,Split,0.05398870000062317,8.067119934562477,0.6692437999999967
A-n37-k6,WOA,1,102027,Vehicle repair,0.1860399000001678,27.79852424485198,0.6692437999999967
A-n37-k6,WOA,1,102027,2-opt local search,0.0,0.0,0.6692437999999967
A-n37-k6,WOA,1,102027,Relocate local search,0.0,0.0,0.6692437999999967
A-n37-k6,WOA,1,102027,Final cost evaluation,0.05535809999984309,8.271738938760937,0.6692437999999967
A-n37-k6,WOA,1,102027,Lamarckian write-back,0.12687050000002387,18.95729179710361,0.6692437999999967
A-n37-k6,WOA,1,102027,Position update,0.11333949999996662,16.935457601544783,0.6692437999999967
A-n37-k6,WOA,1,102027,Other,0.04039619999935695,6.036096262581312,0.6692437999999967
A-n37-k6,WOA,2,102028,Initialization,0.005019900000000632,0.7104149472019029,0.7066152000000017
A-n37-k6,WOA,2,102028,Decode,0.10015599999994151,14.17405116673704,0.7066152000000017
A-n37-k6,WOA,2,102028,Split,0.05929749999996403,8.391766834334145,0.7066152000000017
A-n37-k6,WOA,2,102028,Vehicle repair,0.17368210000013562,24.57944578607072,0.7066152000000017
A-n37-k6,WOA,2,102028,2-opt local search,0.0,0.0,0.7066152000000017
A-n37-k6,WOA,2,102028,Relocate local search,0.0,0.0,0.7066152000000017
A-n37-k6,WOA,2,102028,Final cost evaluation,0.05471149999997493,7.742757302698103,0.7066152000000017
A-n37-k6,WOA,2,102028,Lamarckian write-back,0.13960159999972177,19.75638225723441,0.7066152000000017
A-n37-k6,WOA,2,102028,Position update,0.12891699999999418,18.244300433955267,0.7066152000000017
A-n37-k6,WOA,2,102028,Other,0.04522960000026899,6.400881271768408,0.7066152000000017
A-n37-k6,WOA,3,102029,Initialization,0.005586399999998548,0.7454701850622704,0.7493794000000022
A-n37-k6,WOA,3,102029,Decode,0.10364040000002461,13.830163999707532,0.7493794000000022
A-n37-k6,WOA,3,102029,Split,0.06053429999983706,8.077924213000367,0.7493794000000022
A-n37-k6,WOA,3,102029,Vehicle repair,0.18965319999993113,25.308034888593223,0.7493794000000022
A-n37-k6,WOA,3,102029,2-opt local search,0.0,0.0,0.7493794000000022
A-n37-k6,WOA,3,102029,Relocate local search,0.0,0.0,0.7493794000000022
A-n37-k6,WOA,3,102029,Final cost evaluation,0.05955689999981928,7.947496288237854,0.7493794000000022
A-n37-k6,WOA,3,102029,Lamarckian write-back,0.1465496000001565,19.556128711325137,0.7493794000000022
A-n37-k6,WOA,3,102029,Position update,0.136560400000036,18.2231323679348,0.7493794000000022
A-n37-k6,WOA,3,102029,Other,0.04729820000019913,6.311649346138817,0.7493794000000022
A-n37-k6,SSA,1,103027,Initialization,0.005067499999995562,0.47658758212570806,1.0632883000000035
A-n37-k6,SSA,1,103027,Decode,0.10337630000017128,9.722320841879943,1.0632883000000035
A-n37-k6,SSA,1,103027,Split,0.060820800000144004,5.720066702524969,1.0632883000000035
A-n37-k6,SSA,1,103027,Vehicle repair,0.5022697000000633,47.23739553986079,1.0632883000000035
A-n37-k6,SSA,1,103027,2-opt local search,0.0,0.0,1.0632883000000035
A-n37-k6,SSA,1,103027,Relocate local search,0.0,0.0,1.0632883000000035
A-n37-k6,SSA,1,103027,Final cost evaluation,0.10667510000000391,10.03256595600681,1.0632883000000035
A-n37-k6,SSA,1,103027,Lamarckian write-back,0.14923069999962735,14.034829500110822,1.0632883000000035
A-n37-k6,SSA,1,103027,Position update,0.08564369999999144,8.05460757914774,1.0632883000000035
A-n37-k6,SSA,1,103027,Other,0.05020450000000665,4.721626298343213,1.0632883000000035
A-n37-k6,SSA,2,103028,Initialization,0.005280399999996632,0.1766566048054058,2.989075900000003
A-n37-k6,SSA,2,103028,Decode,0.47786399999990437,15.987014581995187,2.989075900000003
A-n37-k6,SSA,2,103028,Split,0.08771040000001307,2.9343650992607104,2.989075900000003
A-n37-k6,SSA,2,103028,Vehicle repair,1.8744928999996233,62.71145205779557,2.989075900000003
A-n37-k6,SSA,2,103028,2-opt local search,0.0,0.0,2.989075900000003
A-n37-k6,SSA,2,103028,Relocate local search,0.0,0.0,2.989075900000003
A-n37-k6,SSA,2,103028,Final cost evaluation,0.18448199999977533,6.171874056452536,2.989075900000003
A-n37-k6,SSA,2,103028,Lamarckian write-back,0.19728630000022207,6.600243908166463,2.989075900000003
A-n37-k6,SSA,2,103028,Position update,0.10065549999998069,3.367445436898427,2.989075900000003
A-n37-k6,SSA,2,103028,Other,0.06130440000048765,2.050948254625705,2.989075900000003
A-n37-k6,SSA,3,103029,Initialization,0.00557669999999888,0.583849642829471,0.9551602999999957
A-n37-k6,SSA,3,103029,Decode,0.10208649999987784,10.687891864839681,0.9551602999999957
A-n37-k6,SSA,3,103029,Split,0.060727299999904005,6.357812400693819,0.9551602999999957
A-n37-k6,SSA,3,103029,Vehicle repair,0.4086409000001652,42.782441858206106,0.9551602999999957
A-n37-k6,SSA,3,103029,2-opt local search,0.0,0.0,0.9551602999999957
A-n37-k6,SSA,3,103029,Relocate local search,0.0,0.0,0.9551602999999957
A-n37-k6,SSA,3,103029,Final cost evaluation,0.09539910000032137,9.987758075824738,0.9551602999999957
A-n37-k6,SSA,3,103029,Lamarckian write-back,0.14667999999970505,15.356584648640203,0.9551602999999957
A-n37-k6,SSA,3,103029,Position update,0.08753749999993943,9.164692041737897,0.9551602999999957
A-n37-k6,SSA,3,103029,Other,0.048512300000084,5.078969467228089,0.9551602999999957
A-n37-k6,M-WOA,1,104027,Initialization,0.005188400000001536,0.06245143851180228,8.307895100000003
A-n37-k6,M-WOA,1,104027,Decode,0.10944890000035912,1.3174083047866008,8.307895100000003
A-n37-k6,M-WOA,1,104027,Split,0.06175009999952863,0.743270097374347,8.307895100000003
A-n37-k6,M-WOA,1,104027,Vehicle repair,0.47477149999971857,5.714702632676698,8.307895100000003
A-n37-k6,M-WOA,1,104027,2-opt local search,1.6945575000000446,20.39695349547738,8.307895100000003
A-n37-k6,M-WOA,1,104027,Relocate local search,5.512469000000152,66.35217384966921,8.307895100000003
A-n37-k6,M-WOA,1,104027,Final cost evaluation,0.08215809999996537,0.9889159529706308,8.307895100000003
A-n37-k6,M-WOA,1,104027,Lamarckian write-back,0.16694690000004186,2.0094969663259445,8.307895100000003
A-n37-k6,M-WOA,1,104027,Position update,0.13244780000000844,1.5942401583766794,8.307895100000003
A-n37-k6,M-WOA,1,104027,Other,0.06815690000018293,0.8203871038307032,8.307895100000003
A-n37-k6,M-WOA,2,104028,Initialization,0.005011299999999608,0.06276959813578327,7.983641999999996
A-n37-k6,M-WOA,2,104028,Decode,0.10835989999978324,1.357274036082571,7.983641999999996
A-n37-k6,M-WOA,2,104028,Split,0.06243939999954762,0.7820916819610354,7.983641999999996
A-n37-k6,M-WOA,2,104028,Vehicle repair,0.31858010000050996,3.9904106421669474,7.983641999999996
A-n37-k6,M-WOA,2,104028,2-opt local search,1.942204400000115,24.327298243083995,7.983641999999996
A-n37-k6,M-WOA,2,104028,Relocate local search,5.096556600000234,63.83748920605704,7.983641999999996
A-n37-k6,M-WOA,2,104028,Final cost evaluation,0.08607649999981959,1.0781608193330767,7.983641999999996
A-n37-k6,M-WOA,2,104028,Lamarckian write-back,0.1661630999995154,2.081294476875535,7.983641999999996
A-n37-k6,M-WOA,2,104028,Position update,0.13044300000001385,1.6338783728029629,7.983641999999996
A-n37-k6,M-WOA,2,104028,Other,0.06780770000045777,0.8493329235010513,7.983641999999996
A-n37-k6,M-WOA,3,104029,Initialization,0.005488600000006727,0.07976122611002215,6.8812884000000025
A-n37-k6,M-WOA,3,104029,Decode,0.10696079999931385,1.5543717074743417,6.8812884000000025
A-n37-k6,M-WOA,3,104029,Split,0.06230469999948696,0.9054220136956755,6.8812884000000025
A-n37-k6,M-WOA,3,104029,Vehicle repair,0.2855209999995907,4.149237517782144,6.8812884000000025
A-n37-k6,M-WOA,3,104029,2-opt local search,1.5087271999995693,21.925068567095206,6.8812884000000025
A-n37-k6,M-WOA,3,104029,Relocate local search,4.488108199999516,65.2219168724205,6.8812884000000025
A-n37-k6,M-WOA,3,104029,Final cost evaluation,0.06630880000101058,0.9636102448636008,6.8812884000000025
A-n37-k6,M-WOA,3,104029,Lamarckian write-back,0.16232419999968783,2.358921622870621,6.8812884000000025
A-n37-k6,M-WOA,3,104029,Position update,0.13061949999993772,1.898183776165197,6.8812884000000025
A-n37-k6,M-WOA,3,104029,Other,0.06492540000188285,0.9435064515226949,6.8812884000000025
A-n37-k6,M-SSA,1,105027,Initialization,0.005352599999994823,0.06620976248753498,8.084306299999994
A-n37-k6,M-SSA,1,105027,Decode,0.10957190000031858,1.355365518502418,8.084306299999994
A-n37-k6,M-SSA,1,105027,Split,0.0626203999999575,0.7745921254858632,8.084306299999994
A-n37-k6,M-SSA,1,105027,Vehicle repair,0.6643431000004654,8.217688387196139,8.084306299999994
A-n37-k6,M-SSA,1,105027,2-opt local search,2.24255500000055,27.739609519750033,8.084306299999994
A-n37-k6,M-SSA,1,105027,Relocate local search,4.538948000000033,56.14517599364137,8.084306299999994
A-n37-k6,M-SSA,1,105027,Final cost evaluation,0.13441500000048734,1.6626658492700535,8.084306299999994
A-n37-k6,M-SSA,1,105027,Lamarckian write-back,0.17001959999987548,2.1030821160236792,8.084306299999994
A-n37-k6,M-SSA,1,105027,Position update,0.08607620000000793,1.064732047572319,8.084306299999994
A-n37-k6,M-SSA,1,105027,Other,0.070404499998304,0.8708786800705962,8.084306299999994
A-n37-k6,M-SSA,2,105028,Initialization,0.004992700000002515,0.05910674573866626,8.446920800000001
A-n37-k6,M-SSA,2,105028,Decode,0.11333180000019638,1.341693650071827,8.446920800000001
A-n37-k6,M-SSA,2,105028,Split,0.06316259999971408,0.7477588756332848,8.446920800000001
A-n37-k6,M-SSA,2,105028,Vehicle repair,0.6459303000002308,7.64693212229752,8.446920800000001
A-n37-k6,M-SSA,2,105028,2-opt local search,2.222785300000055,26.314740633060687,8.446920800000001
A-n37-k6,M-SSA,2,105028,Relocate local search,4.931485500000235,58.38204970502665,8.446920800000001
A-n37-k6,M-SSA,2,105028,Final cost evaluation,0.12906440000006114,1.5279461363016584,8.446920800000001
A-n37-k6,M-SSA,2,105028,Lamarckian write-back,0.176564600001214,2.0902835977959446,8.446920800000001
A-n37-k6,M-SSA,2,105028,Position update,0.087771399999923,1.039093441007793,8.446920800000001
A-n37-k6,M-SSA,2,105028,Other,0.07183219999836865,0.8503950930659684,8.446920800000001
A-n37-k6,M-SSA,3,105029,Initialization,0.005046199999995338,0.06106380870320506,8.263814699999998
A-n37-k6,M-SSA,3,105029,Decode,0.11096849999992742,1.3428241560151082,8.263814699999998
A-n37-k6,M-SSA,3,105029,Split,0.06247599999962006,0.7560188879794228,8.263814699999998
A-n37-k6,M-SSA,3,105029,Vehicle repair,0.7334335999989889,8.87524256804777,8.263814699999998
A-n37-k6,M-SSA,3,105029,2-opt local search,2.232155699999126,27.011202223582366,8.263814699999998
A-n37-k6,M-SSA,3,105029,Relocate local search,4.654946299999565,56.32926764439148,8.263814699999998
A-n37-k6,M-SSA,3,105029,Final cost evaluation,0.13522040000013646,1.6362951603953135,8.263814699999998
A-n37-k6,M-SSA,3,105029,Lamarckian write-back,0.17196060000041768,2.0808864458252887,8.263814699999998
A-n37-k6,M-SSA,3,105029,Position update,0.08670900000011272,1.0492611844274866,8.263814699999998
A-n37-k6,M-SSA,3,105029,Other,0.07089840000210756,0.8579379206325571,8.263814699999998
A-n45-k6,WOA,1,202027,Initialization,0.0060643000000055736,0.3976862155231746,1.5248956999999876
A-n45-k6,WOA,1,202027,Decode,0.10880519999979299,7.135255217769574,1.5248956999999876
A-n45-k6,WOA,1,202027,Split,0.07059020000077965,4.62918217952744,1.5248956999999876
A-n45-k6,WOA,1,202027,Vehicle repair,0.9146031999996325,59.97808243538492,1.5248956999999876
A-n45-k6,WOA,1,202027,2-opt local search,0.0,0.0,1.5248956999999876
A-n45-k6,WOA,1,202027,Relocate local search,0.0,0.0,1.5248956999999876
A-n45-k6,WOA,1,202027,Final cost evaluation,0.08311639999972442,5.450628524936171,1.5248956999999876
A-n45-k6,WOA,1,202027,Lamarckian write-back,0.16177849999992588,10.609151825920106,1.5248956999999876
A-n45-k6,WOA,1,202027,Position update,0.13179800000017394,8.64308293348686,1.5248956999999876
A-n45-k6,WOA,1,202027,Other,0.04813989999995272,3.1569306674517548,1.5248956999999876
A-n45-k6,WOA,2,202028,Initialization,0.0057132999999964795,0.3382308018364312,1.6891719999999992
A-n45-k6,WOA,2,202028,Decode,0.10880300000003729,6.441203145685421,1.6891719999999992
A-n45-k6,WOA,2,202028,Split,0.07038219999964213,4.166668639998896,1.6891719999999992
A-n45-k6,WOA,2,202028,Vehicle repair,1.0740652000005184,63.58530688411357,1.6891719999999992
A-n45-k6,WOA,2,202028,2-opt local search,0.0,0.0,1.6891719999999992
A-n45-k6,WOA,2,202028,Relocate local search,0.0,0.0,1.6891719999999992
A-n45-k6,WOA,2,202028,Final cost evaluation,0.08827520000042455,5.225945019241651,1.6891719999999992
A-n45-k6,WOA,2,202028,Lamarckian write-back,0.16089049999962413,9.524814524490354,1.6891719999999992
A-n45-k6,WOA,2,202028,Position update,0.13182370000001242,7.80404245393675,1.6891719999999992
A-n45-k6,WOA,2,202028,Other,0.049218899999743826,2.913788530696924,1.6891719999999992
A-n45-k6,WOA,3,202029,Initialization,0.006261300000005576,0.3948755293532185,1.5856389000000064
A-n45-k6,WOA,3,202029,Decode,0.10401880000016206,6.560056012763161,1.5856389000000064
A-n45-k6,WOA,3,202029,Split,0.06780189999966524,4.2759987787676605,1.5856389000000064
A-n45-k6,WOA,3,202029,Vehicle repair,1.0074993000002905,63.53901257091299,1.5856389000000064
A-n45-k6,WOA,3,202029,2-opt local search,0.0,0.0,1.5856389000000064
A-n45-k6,WOA,3,202029,Relocate local search,0.0,0.0,1.5856389000000064
A-n45-k6,WOA,3,202029,Final cost evaluation,0.07786730000094622,4.910783911831748,1.5856389000000064
A-n45-k6,WOA,3,202029,Lamarckian write-back,0.1528066999992319,9.636916702739274,1.5856389000000064
A-n45-k6,WOA,3,202029,Position update,0.1235207999999659,7.789970339398548,1.5856389000000064
A-n45-k6,WOA,3,202029,Other,0.04586279999973897,2.8923861542333995,1.5856389000000064
A-n45-k6,SSA,1,203027,Initialization,0.005708699999999567,0.20224608757781573,2.8226504000000006
A-n45-k6,SSA,1,203027,Decode,0.10601339999938375,3.7558104963825394,2.8226504000000006
A-n45-k6,SSA,1,203027,Split,0.06975279999997497,2.471180986493225,2.8226504000000006
A-n45-k6,SSA,1,203027,Vehicle repair,2.19483540000013,77.75796109926081,2.8226504000000006
A-n45-k6,SSA,1,203027,2-opt local search,0.0,0.0,2.8226504000000006
A-n45-k6,SSA,1,203027,Relocate local search,0.0,0.0,2.8226504000000006
A-n45-k6,SSA,1,203027,Final cost evaluation,0.1515112999996262,5.367696261627943,2.8226504000000006
A-n45-k6,SSA,1,203027,Lamarckian write-back,0.15892409999953827,5.630314685783909,2.8226504000000006
A-n45-k6,SSA,1,203027,Position update,0.08419329999983916,2.982774629115924,2.8226504000000006
A-n45-k6,SSA,1,203027,Other,0.05171140000150842,1.8320157537578303,2.8226504000000006
A-n45-k6,SSA,2,203028,Initialization,0.0056861999999995305,0.20558685589101625,2.7658382999999986
A-n45-k6,SSA,2,203028,Decode,0.10938350000060382,3.9548045885619514,2.7658382999999986
A-n45-k6,SSA,2,203028,Split,0.0698384000009753,2.5250355380853367,2.7658382999999986
A-n45-k6,SSA,2,203028,Vehicle repair,2.1346197000004707,77.17803676377147,2.7658382999999986
A-n45-k6,SSA,2,203028,2-opt local search,0.0,0.0,2.7658382999999986
A-n45-k6,SSA,2,203028,Relocate local search,0.0,0.0,2.7658382999999986
A-n45-k6,SSA,2,203028,Final cost evaluation,0.14699759999975015,5.314757554689666,2.7658382999999986
A-n45-k6,SSA,2,203028,Lamarckian write-back,0.16194879999923728,5.855324224819555,2.7658382999999986
A-n45-k6,SSA,2,203028,Position update,0.08494770000010021,3.0713183775096415,2.7658382999999986
A-n45-k6,SSA,2,203028,Other,0.05241639999886161,1.8951360966713648,2.7658382999999986
A-n45-k6,SSA,3,203029,Initialization,0.0058111000000025115,0.19464102946895187,2.9855473000000075
A-n45-k6,SSA,3,203029,Decode,0.11366559999966341,3.8071947478327717,2.9855473000000075
A-n45-k6,SSA,3,203029,Split,0.07254820000021311,2.4299799236211377,2.9855473000000075
A-n45-k6,SSA,3,203029,Vehicle repair,2.3109399000007187,77.40423003851632,2.9855473000000075
A-n45-k6,SSA,3,203029,2-opt local search,0.0,0.0,2.9855473000000075
A-n45-k6,SSA,3,203029,Relocate local search,0.0,0.0,2.9855473000000075
A-n45-k6,SSA,3,203029,Final cost evaluation,0.16207299999996394,5.428585907848907,2.9855473000000075
A-n45-k6,SSA,3,203029,Lamarckian write-back,0.1731438999993884,5.799402340716155,2.9855473000000075
A-n45-k6,SSA,3,203029,Position update,0.09179649999992989,3.0746958857402684,2.9855473000000075
A-n45-k6,SSA,3,203029,Other,0.05556910000012749,1.8612701262554894,2.9855473000000075
A-n45-k6,M-WOA,1,204027,Initialization,0.006039999999998713,0.08371663145507335,7.214814899999993
A-n45-k6,M-WOA,1,204027,Decode,0.09700640000026794,1.3445445426502631,7.214814899999993
A-n45-k6,M-WOA,1,204027,Split,0.06314180000020997,0.8751686755014328,7.214814899999993
A-n45-k6,M-WOA,1,204027,Vehicle repair,1.9242068999998878,26.670218524939422,7.214814899999993
A-n45-k6,M-WOA,1,204027,2-opt local search,2.3850327999998484,33.05743574931979,7.214814899999993
A-n45-k6,M-WOA,1,204027,Relocate local search,2.3274212999999975,32.258919074971686,7.214814899999993
A-n45-k6,M-WOA,1,204027,Final cost evaluation,0.08684559999970531,1.2037121007734433,7.214814899999993
A-n45-k6,M-WOA,1,204027,Lamarckian write-back,0.1587474000017295,2.200297612648796,7.214814899999993
A-n45-k6,M-WOA,1,204027,Position update,0.1069289000000424,1.4820740584771275,7.214814899999993
A-n45-k6,M-WOA,1,204027,Other,0.059443799998305735,0.8239130292629654,7.214814899999993
A-n45-k6,M-WOA,2,204028,Initialization,0.00317619999999863,0.10247129984139323,3.099599600000005
A-n45-k6,M-WOA,2,204028,Decode,0.052127200000427365,1.681739796341027,3.099599600000005
A-n45-k6,M-WOA,2,204028,Split,0.042092099999919697,1.3579850765214847,3.099599600000005
A-n45-k6,M-WOA,2,204028,Vehicle repair,0.6705733000000578,21.634191074229612,3.099599600000005
A-n45-k6,M-WOA,2,204028,2-opt local search,1.2169910999997597,39.26284865954163,3.099599600000005
A-n45-k6,M-WOA,2,204028,Relocate local search,0.9002692000001673,29.044693385563924,3.099599600000005
A-n45-k6,M-WOA,2,204028,Final cost evaluation,0.036038700000531776,1.1626888840910845,3.099599600000005
A-n45-k6,M-WOA,2,204028,Lamarckian write-back,0.0918438999990201,2.9630891680015687,3.099599600000005
A-n45-k6,M-WOA,2,204028,Position update,0.0517334999999548,1.669038155765497,3.099599600000005
A-n45-k6,M-WOA,2,204028,Other,0.03475440000016761,1.121254500102773,3.099599600000005
A-n45-k6,M-WOA,3,204029,Initialization,0.0027704999999969004,0.0717009897142633,3.863963400000003
A-n45-k6,M-WOA,3,204029,Decode,0.05400580000062405,1.3976788703698386,3.863963400000003
A-n45-k6,M-WOA,3,204029,Split,0.04222889999991253,1.0928907866961808,3.863963400000003
A-n45-k6,M-WOA,3,204029,Vehicle repair,1.0849159000008086,28.07779959822621,3.863963400000003
A-n45-k6,M-WOA,3,204029,2-opt local search,1.4020287000007983,36.284730336752084,3.863963400000003
A-n45-k6,M-WOA,3,204029,Relocate local search,1.0468714999997957,27.093204350739835,3.863963400000003
A-n45-k6,M-WOA,3,204029,Final cost evaluation,0.049514600000122755,1.2814458853342845,3.863963400000003
A-n45-k6,M-WOA,3,204029,Lamarckian write-back,0.09446730000004777,2.4448290581646734,3.863963400000003
A-n45-k6,M-WOA,3,204029,Position update,0.05073379999986116,1.3129989792310435,3.863963400000003
A-n45-k6,M-WOA,3,204029,Other,0.03642639999803521,0.9427211447715882,3.863963400000003
A-n45-k6,M-SSA,1,205027,Initialization,0.002697799999992867,0.048203028339315224,5.596743799999999
A-n45-k6,M-SSA,1,205027,Decode,0.058172099999382,1.0393918692397892,5.596743799999999
A-n45-k6,M-SSA,1,205027,Split,0.04385950000018113,0.7836610280460067,5.596743799999999
A-n45-k6,M-SSA,1,205027,Vehicle repair,1.793534599999532,32.04603719754927,5.596743799999999
A-n45-k6,M-SSA,1,205027,2-opt local search,1.9372290999990298,34.61350330167034,5.596743799999999
A-n45-k6,M-SSA,1,205027,Relocate local search,1.486362599998813,26.557631599981644,5.596743799999999
A-n45-k6,M-SSA,1,205027,Final cost evaluation,0.0931128000001138,1.663695951208519,5.596743799999999
A-n45-k6,M-SSA,1,205027,Lamarckian write-back,0.10508340000009753,1.8775810320296875,5.596743799999999
A-n45-k6,M-SSA,1,205027,Position update,0.03633139999988089,0.6491524589687471,5.596743799999999
A-n45-k6,M-SSA,1,205027,Other,0.04036050000297564,0.7211425329666805,5.596743799999999
A-n45-k6,M-SSA,2,205028,Initialization,0.0035609999999905995,0.061131452020318056,5.825152000000003
A-n45-k6,M-SSA,2,205028,Decode,0.058317000000187136,1.0011240908423868,5.825152000000003
A-n45-k6,M-SSA,2,205028,Split,0.04408610000169233,0.7568231696218796,5.825152000000003
A-n45-k6,M-SSA,2,205028,Vehicle repair,1.8367485999982591,31.53134201473641,5.825152000000003
A-n45-k6,M-SSA,2,205028,2-opt local search,2.0164331000001994,34.61597396943802,5.825152000000003
A-n45-k6,M-SSA,2,205028,Relocate local search,1.588048299999656,27.261920375634062,5.825152000000003
A-n45-k6,M-SSA,2,205028,Final cost evaluation,0.0947455000024604,1.6264897465758894,5.825152000000003
A-n45-k6,M-SSA,2,205028,Lamarckian write-back,0.10658220000016172,1.829689594368725,5.825152000000003
A-n45-k6,M-SSA,2,205028,Position update,0.03689780000027554,0.6334220978315334,5.825152000000003
A-n45-k6,M-SSA,2,205028,Other,0.03973239999712064,0.6820834889307715,5.825152000000003
A-n45-k6,M-SSA,3,205029,Initialization,0.002758499999998776,0.03108930255360638,8.872826900000007
A-n45-k6,M-SSA,3,205029,Decode,0.10603630000105113,1.1950678312122944,8.872826900000007
A-n45-k6,M-SSA,3,205029,Split,0.06480810000056181,0.730410958434924,8.872826900000007
A-n45-k6,M-SSA,3,205029,Vehicle repair,2.8290980000022046,31.884967799858718,8.872826900000007
A-n45-k6,M-SSA,3,205029,2-opt local search,2.995975999999871,33.765743812717325,8.872826900000007
A-n45-k6,M-SSA,3,205029,Relocate local search,2.4080059000005463,27.139106027195734,8.872826900000007
A-n45-k6,M-SSA,3,205029,Final cost evaluation,0.14495869999910838,1.6337374957591955,8.872826900000007
A-n45-k6,M-SSA,3,205029,Lamarckian write-back,0.17909229999975196,2.01843563520609,8.872826900000007
A-n45-k6,M-SSA,3,205029,Position update,0.07269980000017995,0.8193532999069315,8.872826900000007
A-n45-k6,M-SSA,3,205029,Other,0.06939329999673305,0.7820878371551799,8.872826900000007
A-n54-k7,WOA,1,302027,Initialization,0.007669399999997495,0.7663729606461571,1.0007399000000134
A-n54-k7,WOA,1,302027,Decode,0.11372320000086233,11.363911841714396,1.0007399000000134
A-n54-k7,WOA,1,302027,Split,0.0809871000003568,8.092722194883578,1.0007399000000134
A-n54-k7,WOA,1,302027,Vehicle repair,0.3746033000010698,37.432633594509895,1.0007399000000134
A-n54-k7,WOA,1,302027,2-opt local search,0.0,0.0,1.0007399000000134
A-n54-k7,WOA,1,302027,Relocate local search,0.0,0.0,1.0007399000000134
A-n54-k7,WOA,1,302027,Final cost evaluation,0.08133479999892756,8.127466487438591,1.0007399000000134
A-n54-k7,WOA,1,302027,Lamarckian write-back,0.16956490000012536,16.943953169062517,1.0007399000000134
A-n54-k7,WOA,1,302027,Position update,0.12695130000008703,12.685743818157478,1.0007399000000134
A-n54-k7,WOA,1,302027,Other,0.045905899998587074,4.587195933587385,1.0007399000000134
A-n54-k7,WOA,2,302028,Initialization,0.00782010000000355,0.9182188613601839,0.851659699999999
A-n54-k7,WOA,2,302028,Decode,0.11366750000073012,13.346586670794714,0.851659699999999
A-n54-k7,WOA,2,302028,Split,0.08043260000061991,9.444218154342634,0.851659699999999
A-n54-k7,WOA,2,302028,Vehicle repair,0.24228959999913968,28.449109427056367,0.851659699999999
A-n54-k7,WOA,2,302028,2-opt local search,0.0,0.0,0.851659699999999
A-n54-k7,WOA,2,302028,Relocate local search,0.0,0.0,0.851659699999999
A-n54-k7,WOA,2,302028,Final cost evaluation,0.06130900000110273,7.1987673012005615,0.851659699999999
A-n54-k7,WOA,2,302028,Lamarckian write-back,0.17006849999913243,19.969067457240566,0.851659699999999
A-n54-k7,WOA,2,302028,Position update,0.13135080000009225,15.422920680653599,0.851659699999999
A-n54-k7,WOA,2,302028,Other,0.04472159999917835,5.251111447351378,0.851659699999999
A-n54-k7,WOA,3,302029,Initialization,0.007813599999991538,0.9607864933102266,0.8132504000000154
A-n54-k7,WOA,3,302029,Decode,0.11303390000185232,13.899027901105265,0.8132504000000154
A-n54-k7,WOA,3,302029,Split,0.08027909999913163,9.871387705327917,0.8132504000000154
A-n54-k7,WOA,3,302029,Vehicle repair,0.2022201000003463,24.865662531533026,0.8132504000000154
A-n54-k7,WOA,3,302029,2-opt local search,0.0,0.0,0.8132504000000154
A-n54-k7,WOA,3,302029,Relocate local search,0.0,0.0,0.8132504000000154
A-n54-k7,WOA,3,302029,Final cost evaluation,0.07003949999884185,8.612292105708221,0.8132504000000154
A-n54-k7,WOA,3,302029,Lamarckian write-back,0.16822320000164837,20.685289549398952,0.8132504000000154
A-n54-k7,WOA,3,302029,Position update,0.1278432999997392,15.72004145337485,0.8132504000000154
A-n54-k7,WOA,3,302029,Other,0.04379769999846417,5.385512260241537,0.8132504000000154
A-n54-k7,SSA,1,303027,Initialization,0.008022500000009813,0.6120336690619216,1.310793899999993
A-n54-k7,SSA,1,303027,Decode,0.10942749999910006,8.34818501971215,1.310793899999993
A-n54-k7,SSA,1,303027,Split,0.07907009999939874,6.032229780700013,1.310793899999993
A-n54-k7,SSA,1,303027,Vehicle repair,0.687839799998244,52.47505347699952,1.310793899999993
A-n54-k7,SSA,1,303027,2-opt local search,0.0,0.0,1.310793899999993
A-n54-k7,SSA,1,303027,Relocate local search,0.0,0.0,1.310793899999993
A-n54-k7,SSA,1,303027,Final cost evaluation,0.12850620000193658,9.803692251080605,1.310793899999993
A-n54-k7,SSA,1,303027,Lamarckian write-back,0.1651807999988364,12.601584429011858,1.310793899999993
A-n54-k7,SSA,1,303027,Position update,0.08642389999991451,6.593248564851802,1.310793899999993
A-n54-k7,SSA,1,303027,Other,0.04632310000255302,3.5339728085821323,1.310793899999993
A-n54-k7,SSA,2,303028,Initialization,0.007663900000011381,0.5587251568563633,1.371676199999996
A-n54-k7,SSA,2,303028,Decode,0.11552369999995449,8.422082412741055,1.371676199999996
A-n54-k7,SSA,2,303028,Split,0.08153150000109122,5.943931957198897,1.371676199999996
A-n54-k7,SSA,2,303028,Vehicle repair,0.7289226000007716,53.14101097626202,1.371676199999996
A-n54-k7,SSA,2,303028,2-opt local search,0.0,0.0,1.371676199999996
A-n54-k7,SSA,2,303028,Relocate local search,0.0,0.0,1.371676199999996
A-n54-k7,SSA,2,303028,Final cost evaluation,0.12599540000022103,9.185506025417762,1.371676199999996
A-n54-k7,SSA,2,303028,Lamarckian write-back,0.17272649999924283,12.592366915693612,1.371676199999996
A-n54-k7,SSA,2,303028,Position update,0.09125689999987685,6.652947685457917,1.371676199999996
A-n54-k7,SSA,2,303028,Other,0.04805569999882664,3.5034288703723795,1.371676199999996
A-n54-k7,SSA,3,303029,Initialization,0.008290200000004688,0.6330824890404225,1.3094976000000145
A-n54-k7,SSA,3,303029,Decode,0.11608990000183894,8.86522434266681,1.3094976000000145
A-n54-k7,SSA,3,303029,Split,0.08182939999846894,6.248915614543169,1.3094976000000145
A-n54-k7,SSA,3,303029,Vehicle repair,0.6647650999999257,50.764896399956626,1.3094976000000145
A-n54-k7,SSA,3,303029,2-opt local search,0.0,0.0,1.3094976000000145
A-n54-k7,SSA,3,303029,Relocate local search,0.0,0.0,1.3094976000000145
A-n54-k7,SSA,3,303029,Final cost evaluation,0.12509199999936982,9.552671192323563,1.3094976000000145
A-n54-k7,SSA,3,303029,Lamarckian write-back,0.17340519999865478,13.242116671206794,1.3094976000000145
A-n54-k7,SSA,3,303029,Position update,0.09283209999989595,7.089138613151709,1.3094976000000145
A-n54-k7,SSA,3,303029,Other,0.04719370000185563,3.6039546771109094,1.3094976000000145
A-n54-k7,M-WOA,1,304027,Initialization,0.007652300000017931,0.07160477986789383,10.68685640000001
A-n54-k7,M-WOA,1,304027,Decode,0.09550599999872134,0.8936772089378991,10.68685640000001
A-n54-k7,M-WOA,1,304027,Split,0.06493150000162018,0.6075827874099639,10.68685640000001
A-n54-k7,M-WOA,1,304027,Vehicle repair,0.4306913000000918,4.030102809279737,10.68685640000001
A-n54-k7,M-WOA,1,304027,2-opt local search,3.0510381999994536,28.54944509219241,10.68685640000001
A-n54-k7,M-WOA,1,304027,Relocate local search,6.62639310000003,62.005072885605756,10.68685640000001
A-n54-k7,M-WOA,1,304027,Final cost evaluation,0.10447089999894388,0.9775643658779187,10.68685640000001
A-n54-k7,M-WOA,1,304027,Lamarckian write-back,0.16520480000053794,1.545868998488066,10.68685640000001
A-n54-k7,M-WOA,1,304027,Position update,0.08767430000014542,0.8203937315012985,10.68685640000001
A-n54-k7,M-WOA,1,304027,Other,0.053294000000448705,0.4986873408390577,10.68685640000001
A-n54-k7,M-WOA,2,304028,Initialization,0.00820579999998472,0.0708856227243795,11.576113300000003
A-n54-k7,M-WOA,2,304028,Decode,0.13146419999981163,1.1356505987187564,11.576113300000003
A-n54-k7,M-WOA,2,304028,Split,0.08567579999859731,0.7401085129202847,11.576113300000003
A-n54-k7,M-WOA,2,304028,Vehicle repair,0.62364600000069,5.387352247154404,11.576113300000003
A-n54-k7,M-WOA,2,304028,2-opt local search,4.355286200000961,37.623043996994745,11.576113300000003
A-n54-k7,M-WOA,2,304028,Relocate local search,5.826645599999495,50.33334979538852,11.576113300000003
A-n54-k7,M-WOA,2,304028,Final cost evaluation,0.12336159999952656,1.0656564669207802,11.576113300000003
A-n54-k7,M-WOA,2,304028,Lamarckian write-back,0.21371590000171636,1.846180099167795,11.576113300000003
A-n54-k7,M-WOA,2,304028,Position update,0.13535490000012373,1.1692603250533466,11.576113300000003
A-n54-k7,M-WOA,2,304028,Other,0.07275729999909686,0.6285123349569914,11.576113300000003
A-n54-k7,M-WOA,3,304029,Initialization,0.008320099999991726,0.06574689239425315,12.65474260000002
A-n54-k7,M-WOA,3,304029,Decode,0.1304323999995063,1.0306997472987407,12.65474260000002
A-n54-k7,M-WOA,3,304029,Split,0.08529919999836011,0.6740492690729243,12.65474260000002
A-n54-k7,M-WOA,3,304029,Vehicle repair,0.6061055999958285,4.789552969618106,12.65474260000002
A-n54-k7,M-WOA,3,304029,2-opt local search,3.9892336000020236,31.523624984691647,12.65474260000002
A-n54-k7,M-WOA,3,304029,Relocate local search,7.30208209999941,57.70233603960778,12.65474260000002
A-n54-k7,M-WOA,3,304029,Final cost evaluation,0.11458669999927906,0.9054842411356425,12.65474260000002
A-n54-k7,M-WOA,3,304029,Lamarckian write-back,0.211631899999702,1.6723524664950646,12.65474260000002
A-n54-k7,M-WOA,3,304029,Position update,0.1326492999998834,1.048218080705041,12.65474260000002
A-n54-k7,M-WOA,3,304029,Other,0.0744017000060353,0.587935308980802,12.65474260000002
A-n54-k7,M-SSA,1,305027,Initialization,0.007705100000009679,0.059318105158185315,12.989457399999992
A-n54-k7,M-SSA,1,305027,Decode,0.13163680000039335,1.013412615683188,12.989457399999992
A-n54-k7,M-SSA,1,305027,Split,0.0849729000002526,0.6541682025936868,12.989457399999992
A-n54-k7,M-SSA,1,305027,Vehicle repair,0.9454755000014643,7.27879133736152,12.989457399999992
A-n54-k7,M-SSA,1,305027,2-opt local search,5.332861100000883,41.05530304907799,12.989457399999992
A-n54-k7,M-SSA,1,305027,Relocate local search,5.911786399999926,45.51218898489116,12.989457399999992
A-n54-k7,M-SSA,1,305027,Final cost evaluation,0.19133240000056162,1.4729822355825404,12.989457399999992
A-n54-k7,M-SSA,1,305027,Lamarckian write-back,0.21359599999982493,1.644379695181302,12.989457399999992
A-n54-k7,M-SSA,1,305027,Position update,0.09460519999979056,0.7283229551974251,12.989457399999992
A-n54-k7,M-SSA,1,305027,Other,0.07548599999688577,0.5811328192730038,12.989457399999992
A-n54-k7,M-SSA,2,305028,Initialization,0.007663100000002032,0.0724041027826466,10.583792499999987
A-n54-k7,M-SSA,2,305028,Decode,0.12480529999962187,1.1792115160952183,10.583792499999987
A-n54-k7,M-SSA,2,305028,Split,0.08311479999852622,0.7853026218959445,10.583792499999987
A-n54-k7,M-SSA,2,305028,Vehicle repair,0.9617424000012988,9.086935519581473,10.583792499999987
A-n54-k7,M-SSA,2,305028,2-opt local search,5.474364299999735,51.72403276046598,10.583792499999987
A-n54-k7,M-SSA,2,305028,Relocate local search,3.397066800000431,32.0968764268615,10.583792499999987
A-n54-k7,M-SSA,2,305028,Final cost evaluation,0.1752237000007142,1.6555851789489864,10.583792499999987
A-n54-k7,M-SSA,2,305028,Lamarckian write-back,0.19861740000013128,1.8766184238790729,10.583792499999987
A-n54-k7,M-SSA,2,305028,Position update,0.0897860000001458,0.8483348478359333,10.583792499999987
A-n54-k7,M-SSA,2,305028,Other,0.07140869999938104,0.674698601653246,10.583792499999987
A-n54-k7,M-SSA,3,305029,Initialization,0.007967699999994693,0.06103329910826587,13.054676900000004
A-n54-k7,M-SSA,3,305029,Decode,0.12685100000106786,0.9716900768418698,13.054676900000004
A-n54-k7,M-SSA,3,305029,Split,0.08396289999976148,0.6431633708204716,13.054676900000004
A-n54-k7,M-SSA,3,305029,Vehicle repair,0.940639799997399,7.2053855273691125,13.054676900000004
A-n54-k7,M-SSA,3,305029,2-opt local search,5.0793689999987635,38.90842369295836,13.054676900000004
A-n54-k7,M-SSA,3,305029,Relocate local search,6.287086899998968,48.15965150389104,13.054676900000004
A-n54-k7,M-SSA,3,305029,Final cost evaluation,0.16456050000016376,1.260548240762387,13.054676900000004
A-n54-k7,M-SSA,3,305029,Lamarckian write-back,0.2035662999986414,1.5593361793476583,13.054676900000004
A-n54-k7,M-SSA,3,305029,Position update,0.0894404000003135,0.6851215138102229,13.054676900000004
A-n54-k7,M-SSA,3,305029,Other,0.0712324000049307,0.5456465950906121,13.054676900000004
A-n60-k9,WOA,1,402027,Initialization,0.010174799999987272,1.4694027507742071,0.6924445999999875
A-n60-k9,WOA,1,402027,Decode,0.11219710000122518,16.203043536078873,0.6924445999999875
A-n60-k9,WOA,1,402027,Split,0.08479889999975398,12.246308224478248,0.6924445999999875
A-n60-k9,WOA,1,402027,Vehicle repair,0.08381950000139682,12.104867306553958,0.6924445999999875
A-n60-k9,WOA,1,402027,2-opt local search,0.0,0.0,0.6924445999999875
A-n60-k9,WOA,1,402027,Relocate local search,0.0,0.0,0.6924445999999875
A-n60-k9,WOA,1,402027,Final cost evaluation,0.06592350000065039,9.52040062131347,0.6924445999999875
A-n60-k9,WOA,1,402027,Lamarckian write-back,0.17161909999967406,24.784524278141117,0.6924445999999875
A-n60-k9,WOA,1,402027,Position update,0.12281830000000582,17.73691353792174,0.6924445999999875
A-n60-k9,WOA,1,402027,Other,0.041093399997294,5.9345397447383865,0.6924445999999875
A-n60-k9,WOA,2,402028,Initialization,0.010247399999997242,1.1953808563148314,0.8572498000000053
A-n60-k9,WOA,2,402028,Decode,0.1192420000007246,13.90983118348046,0.8572498000000053
A-n60-k9,WOA,2,402028,Split,0.088259399999572,10.29564544658645,0.8572498000000053
A-n60-k9,WOA,2,402028,Vehicle repair,0.1866863999987345,21.77736291087304,0.8572498000000053
A-n60-k9,WOA,2,402028,2-opt local search,0.0,0.0,0.8572498000000053
A-n60-k9,WOA,2,402028,Relocate local search,0.0,0.0,0.8572498000000053
A-n60-k9,WOA,2,402028,Final cost evaluation,0.09837610000155905,11.47577987204645,0.8572498000000053
A-n60-k9,WOA,2,402028,Lamarckian write-back,0.1806340000004809,21.071337666159828,0.8572498000000053
A-n60-k9,WOA,2,402028,Position update,0.1280424000001119,14.936416433122659,0.8572498000000053
A-n60-k9,WOA,2,402028,Other,0.04576209999882508,5.33824563141628,0.8572498000000053
A-n60-k9,WOA,3,402029,Initialization,0.010190100000016855,1.2510830233403911,0.8145022999999867
A-n60-k9,WOA,3,402029,Decode,0.11475029999877506,14.088394839250538,0.8145022999999867
A-n60-k9,WOA,3,402029,Split,0.08598669999986441,10.556962208684471,0.8145022999999867
A-n60-k9,WOA,3,402029,Vehicle repair,0.18565140000026759,22.79323213700816,0.8145022999999867
A-n60-k9,WOA,3,402029,2-opt local search,0.0,0.0,0.8145022999999867
A-n60-k9,WOA,3,402029,Relocate local search,0.0,0.0,0.8145022999999867
A-n60-k9,WOA,3,402029,Final cost evaluation,0.07688250000046537,9.439199864809053,0.8145022999999867
A-n60-k9,WOA,3,402029,Lamarckian write-back,0.17437810000063791,21.409159925102824,0.8145022999999867
A-n60-k9,WOA,3,402029,Position update,0.12393249999993827,15.215733583556522,0.8145022999999867
A-n60-k9,WOA,3,402029,Other,0.042730700000021216,5.246234418248041,0.8145022999999867
A-n60-k9,SSA,1,403027,Initialization,0.010156499999993684,1.1258059463696541,0.9021536999999853
A-n60-k9,SSA,1,403027,Decode,0.11158960000159368,12.369244841715497,0.9021536999999853
A-n60-k9,SSA,1,403027,Split,0.08493120000093768,9.414271648050555,0.9021536999999853
A-n60-k9,SSA,1,403027,Vehicle repair,0.2781040000012922,30.826676208421773,0.9021536999999853
A-n60-k9,SSA,1,403027,2-opt local search,0.0,0.0,0.9021536999999853
A-n60-k9,SSA,1,403027,Relocate local search,0.0,0.0,0.9021536999999853
A-n60-k9,SSA,1,403027,Final cost evaluation,0.1150149000002898,12.748925155468704,0.9021536999999853
A-n60-k9,SSA,1,403027,Lamarckian write-back,0.17120680000007837,18.97756446601961,0.9021536999999853
A-n60-k9,SSA,1,403027,Position update,0.0880751999998779,9.76277102226365,0.9021536999999853
A-n60-k9,SSA,1,403027,Other,0.04307549999592197,4.774740711690555,0.9021536999999853
A-n60-k9,SSA,2,403028,Initialization,0.010120300000011184,1.1398687928281346,0.887847800000003
A-n60-k9,SSA,2,403028,Decode,0.11327959999945847,12.75889854088258,0.887847800000003
A-n60-k9,SSA,2,403028,Split,0.08568280000093864,9.650618045225585,0.887847800000003
A-n60-k9,SSA,2,403028,Vehicle repair,0.2564597999998455,28.885558988809187,0.887847800000003
A-n60-k9,SSA,2,403028,2-opt local search,0.0,0.0,0.887847800000003
A-n60-k9,SSA,2,403028,Relocate local search,0.0,0.0,0.887847800000003
A-n60-k9,SSA,2,403028,Final cost evaluation,0.11734799999973689,13.217130233327884,0.887847800000003
A-n60-k9,SSA,2,403028,Lamarckian write-back,0.17252200000089601,19.43148363952644,0.887847800000003
A-n60-k9,SSA,2,403028,Position update,0.08896640000008915,10.020456208833187,0.887847800000003
A-n60-k9,SSA,2,403028,Other,0.043468899999027144,4.8959855505670005,0.887847800000003
A-n60-k9,SSA,3,403029,Initialization,0.009704799999980196,1.0356877278965533,0.9370392000000152
A-n60-k9,SSA,3,403029,Decode,0.121588300000667,12.975796530248152,0.9370392000000152
A-n60-k9,SSA,3,403029,Split,0.08909049999925855,9.507659871567498,0.9370392000000152
A-n60-k9,SSA,3,403029,Vehicle repair,0.25889489999892135,27.629036223769205,0.9370392000000152
A-n60-k9,SSA,3,403029,2-opt local search,0.0,0.0,0.9370392000000152
A-n60-k9,SSA,3,403029,Relocate local search,0.0,0.0,0.9370392000000152
A-n60-k9,SSA,3,403029,Final cost evaluation,0.13485390000059283,14.391489705082845,0.9370392000000152
A-n60-k9,SSA,3,403029,Lamarckian write-back,0.1823409000005256,19.459260615833646,0.9370392000000152
A-n60-k9,SSA,3,403029,Position update,0.09380349999977966,10.010627090070313,0.9370392000000152
A-n60-k9,SSA,3,403029,Other,0.04676240000028997,4.990442235531791,0.9370392000000152
A-n60-k9,M-WOA,1,404027,Initialization,0.009716599999990194,0.07311493003914325,13.289488199999994
A-n60-k9,M-WOA,1,404027,Decode,0.13359180000060178,1.0052441297220298,13.289488199999994
A-n60-k9,M-WOA,1,404027,Split,0.09244020000090813,0.6955888639933341,13.289488199999994
A-n60-k9,M-WOA,1,404027,Vehicle repair,0.23335329999949295,1.7559239038226697,13.289488199999994
A-n60-k9,M-WOA,1,404027,2-opt local search,3.0580704000017818,23.011197677287402,13.289488199999994
A-n60-k9,M-WOA,1,404027,Relocate local search,9.218420899998904,69.36625971795443,13.289488199999994
A-n60-k9,M-WOA,1,404027,Final cost evaluation,0.12316939999971055,0.9268182351801223,13.289488199999994
A-n60-k9,M-WOA,1,404027,Lamarckian write-back,0.2183664999993482,1.6431520666036508,13.289488199999994
A-n60-k9,M-WOA,1,404027,Position update,0.13175810000004162,0.9914460061753295,13.289488199999994
A-n60-k9,M-WOA,1,404027,Other,0.07060099999921476,0.5312544692218831,13.289488199999994
A-n60-k9,M-WOA,2,404028,Initialization,0.011263799999994717,0.07728977971421055,14.573466300000007
A-n60-k9,M-WOA,2,404028,Decode,0.14241999999967447,0.9772554934283164,14.573466300000007
A-n60-k9,M-WOA,2,404028,Split,0.09603680000270742,0.6589839234246376,14.573466300000007
A-n60-k9,M-WOA,2,404028,Vehicle repair,0.2810630000009553,1.92859402296731,14.573466300000007
A-n60-k9,M-WOA,2,404028,2-opt local search,3.8368007999999065,26.327304163731483,14.573466300000007
A-n60-k9,M-WOA,2,404028,Relocate local search,9.604110100000725,65.90134359456212,14.573466300000007
A-n60-k9,M-WOA,2,404028,Final cost evaluation,0.1536541999990675,1.0543421642870743,14.573466300000007
A-n60-k9,M-WOA,2,404028,Lamarckian write-back,0.23647950000119522,1.6226716083406671,14.573466300000007
A-n60-k9,M-WOA,2,404028,Position update,0.13481820000006906,0.9250935722825873,14.573466300000007
A-n60-k9,M-WOA,2,404028,Other,0.07681989999571215,0.5271216772615868,14.573466300000007
A-n60-k9,M-WOA,3,404029,Initialization,0.00972010000000978,0.054645606564067084,17.787523300000032
A-n60-k9,M-WOA,3,404029,Decode,0.14228950000011764,0.7999399219345921,17.787523300000032
A-n60-k9,M-WOA,3,404029,Split,0.09387929999962807,0.5277817401348276,17.787523300000032
A-n60-k9,M-WOA,3,404029,Vehicle repair,0.23577840000018568,1.3255268652279728,17.787523300000032
A-n60-k9,M-WOA,3,404029,2-opt local search,3.6610809000025597,20.58229714309104,17.787523300000032
A-n60-k9,M-WOA,3,404029,Relocate local search,13.060549399999474,73.42533965928494,17.787523300000032
A-n60-k9,M-WOA,3,404029,Final cost evaluation,0.13657850000134886,0.7678331474137752,17.787523300000032
A-n60-k9,M-WOA,3,404029,Lamarckian write-back,0.23988519999792857,1.3486149586543514,17.787523300000032
A-n60-k9,M-WOA,3,404029,Position update,0.13114210000000526,0.7372701516011789,17.787523300000032
A-n60-k9,M-WOA,3,404029,Other,0.07661989999877505,0.4307508060932514,17.787523300000032
A-n60-k9,M-SSA,1,405027,Initialization,0.01047479999999723,0.0685513326859122,15.280228099999988
A-n60-k9,M-SSA,1,405027,Decode,0.14243599999787193,0.932158859577967,15.280228099999988
A-n60-k9,M-SSA,1,405027,Split,0.09506649999741512,0.6221536705817579,15.280228099999988
A-n60-k9,M-SSA,1,405027,Vehicle repair,0.3737792999949079,2.4461630909482834,15.280228099999988
A-n60-k9,M-SSA,1,405027,2-opt local search,4.235562799995364,27.71923803935471,15.280228099999988
A-n60-k9,M-SSA,1,405027,Relocate local search,9.807725300005245,64.18572573537206,15.280228099999988
A-n60-k9,M-SSA,1,405027,Final cost evaluation,0.20394300000407384,1.3346855732086487,15.280228099999988
A-n60-k9,M-SSA,1,405027,Lamarckian write-back,0.23570519999776707,1.5425502712081063,15.280228099999988
A-n60-k9,M-SSA,1,405027,Position update,0.09792589999966594,0.6408667420329022,15.280228099999988
A-n60-k9,M-SSA,1,405027,Other,0.07760930000767985,0.5079066850296555,15.280228099999988
A-n60-k9,M-SSA,2,405028,Initialization,0.01015180000001692,0.07629338969548591,13.306264199999987
A-n60-k9,M-SSA,2,405028,Decode,0.13737450000104445,1.032404722589565,13.306264199999987
A-n60-k9,M-SSA,2,405028,Split,0.09517679999879647,0.7152781469557515,13.306264199999987
A-n60-k9,M-SSA,2,405028,Vehicle repair,0.38604230000015605,2.9012072374164677,13.306264199999987
A-n60-k9,M-SSA,2,405028,2-opt local search,4.2817221000000245,32.1782435373561,13.306264199999987
A-n60-k9,M-SSA,2,405028,Relocate local search,7.791375599998673,58.55419284398908,13.306264199999987
A-n60-k9,M-SSA,2,405028,Final cost evaluation,0.20106909999822165,1.5110860341869796,13.306264199999987
A-n60-k9,M-SSA,2,405028,Lamarckian write-back,0.22889990000197713,1.7202416588269558,13.306264199999987
A-n60-k9,M-SSA,2,405028,Position update,0.09625870000047598,0.7234089039091534,13.306264199999987
A-n60-k9,M-SSA,2,405028,Other,0.07819340000060038,0.5876435250744567,13.306264199999987
A-n60-k9,M-SSA,3,405029,Initialization,0.010332799999957842,0.09135375131957668,11.310756099999992
A-n60-k9,M-SSA,3,405029,Decode,0.11880190000078983,1.0503444592956073,11.310756099999992
A-n60-k9,M-SSA,3,405029,Split,0.08128749999690399,0.718674324494576,11.310756099999992
A-n60-k9,M-SSA,3,405029,Vehicle repair,0.34712010000197324,3.0689380703910105,11.310756099999992
A-n60-k9,M-SSA,3,405029,2-opt local search,3.6964742000035926,32.68105303767973,11.310756099999992
A-n60-k9,M-SSA,3,405029,Relocate local search,6.540402899998298,57.82463030918245,11.310756099999992
A-n60-k9,M-SSA,3,405029,Final cost evaluation,0.17480080000262888,1.5454386820579484,11.310756099999992
A-n60-k9,M-SSA,3,405029,Lamarckian write-back,0.19864389999963805,1.7562389131495657,11.310756099999992
A-n60-k9,M-SSA,3,405029,Position update,0.07931549999949539,0.7012395926342665,11.310756099999992
A-n60-k9,M-SSA,3,405029,Other,0.06357649999671366,0.5620888597952679,11.310756099999992
A-n80-k10,WOA,1,502027,Initialization,0.007219500000019252,1.3506272994561752,0.5345293999999967
A-n80-k10,WOA,1,502027,Decode,0.06482789999984107,12.128032620814022,0.5345293999999967
A-n80-k10,WOA,1,502027,Split,0.063236199997732,11.830256670209794,0.5345293999999967
A-n80-k10,WOA,1,502027,Vehicle repair,0.16909410000016578,31.63420010202747,0.5345293999999967
A-n80-k10,WOA,1,502027,2-opt local search,0.0,0.0,0.5345293999999967
A-n80-k10,WOA,1,502027,Relocate local search,0.0,0.0,0.5345293999999967
A-n80-k10,WOA,1,502027,Final cost evaluation,0.0490504999996233,9.17638954931639,0.5345293999999967
A-n80-k10,WOA,1,502027,Lamarckian write-back,0.10949740000199881,20.48482272481167,0.5345293999999967
A-n80-k10,WOA,1,502027,Position update,0.04823620000001938,9.02404994000698,0.5345293999999967
A-n80-k10,WOA,1,502027,Other,0.023367600000597122,4.371621093357496,0.5345293999999967
A-n80-k10,WOA,2,502028,Initialization,0.007188400000018191,1.3751955163655554,0.5227184000000307
A-n80-k10,WOA,2,502028,Decode,0.06418300000086674,12.278695374194399,0.5227184000000307
A-n80-k10,WOA,2,502028,Split,0.06265280000235407,11.985956492511148,0.5227184000000307
A-n80-k10,WOA,2,502028,Vehicle repair,0.15859619999866936,30.340657608123237,0.5227184000000307
A-n80-k10,WOA,2,502028,2-opt local search,0.0,0.0,0.5227184000000307
A-n80-k10,WOA,2,502028,Relocate local search,0.0,0.0,0.5227184000000307
A-n80-k10,WOA,2,502028,Final cost evaluation,0.0541253999982132,10.354600105565448,0.5227184000000307
A-n80-k10,WOA,2,502028,Lamarckian write-back,0.10702809999997953,20.475288415325203,0.5227184000000307
A-n80-k10,WOA,2,502028,Position update,0.047382199999731256,9.064574730816531,0.5227184000000307
A-n80-k10,WOA,2,502028,Other,0.02156230000019832,4.125031757098479,0.5227184000000307
A-n80-k10,WOA,3,502029,Initialization,0.007885600000008708,1.6375937157755154,0.48153579999996055
A-n80-k10,WOA,3,502029,Decode,0.062460799996529204,12.971164344693442,0.48153579999996055
A-n80-k10,WOA,3,502029,Split,0.06233130000299525,12.944271226147746,0.48153579999996055
A-n80-k10,WOA,3,502029,Vehicle repair,0.13934000000227797,28.936581662731907,0.48153579999996055
A-n80-k10,WOA,3,502029,2-opt local search,0.0,0.0,0.48153579999996055
A-n80-k10,WOA,3,502029,Relocate local search,0.0,0.0,0.48153579999996055
A-n80-k10,WOA,3,502029,Final cost evaluation,0.03744749999918895,7.776680362953703,0.48153579999996055
A-n80-k10,WOA,3,502029,Lamarckian write-back,0.1053817000005779,21.884499553426043,0.48153579999996055
A-n80-k10,WOA,3,502029,Position update,0.04671869999998535,9.702020078255693,0.48153579999996055
A-n80-k10,WOA,3,502029,Other,0.01997019999839722,4.147189056015951,0.48153579999996055
A-n80-k10,SSA,1,503027,Initialization,0.007092000000000098,0.96802844463954,0.7326231000000121
A-n80-k10,SSA,1,503027,Decode,0.06635510000182876,9.05719462051192,0.7326231000000121
A-n80-k10,SSA,1,503027,Split,0.06436189999953967,8.785131126706025,0.7326231000000121
A-n80-k10,SSA,1,503027,Vehicle repair,0.3323274999941077,45.36131880009001,0.7326231000000121
A-n80-k10,SSA,1,503027,2-opt local search,0.0,0.0,0.7326231000000121
A-n80-k10,SSA,1,503027,Relocate local search,0.0,0.0,0.7326231000000121
A-n80-k10,SSA,1,503027,Final cost evaluation,0.08960660000133203,12.23092747161952,0.7326231000000121
A-n80-k10,SSA,1,503027,Lamarckian write-back,0.1110133999980576,15.152866459992289,0.7326231000000121
A-n80-k10,SSA,1,503027,Position update,0.03833169999961683,5.232117305558097,0.7326231000000121
A-n80-k10,SSA,1,503027,Other,0.02353490000552938,3.2124157708825987,0.7326231000000121
A-n80-k10,SSA,2,503028,Initialization,0.006971799999973882,1.1037660050224636,0.6316375000000107
A-n80-k10,SSA,2,503028,Decode,0.06513209999690162,10.311626525800085,0.6316375000000107
A-n80-k10,SSA,2,503028,Split,0.06273900000172716,9.932754151190531,0.6316375000000107
A-n80-k10,SSA,2,503028,Vehicle repair,0.24175740000237056,38.27470661611549,0.6316375000000107
A-n80-k10,SSA,2,503028,2-opt local search,0.0,0.0,0.6316375000000107
A-n80-k10,SSA,2,503028,Relocate local search,0.0,0.0,0.6316375000000107
A-n80-k10,SSA,2,503028,Final cost evaluation,0.08291699999853108,13.127307988922391,0.6316375000000107
A-n80-k10,SSA,2,503028,Lamarckian write-back,0.10993990000031317,17.4055371950385,0.6316375000000107
A-n80-k10,SSA,2,503028,Position update,0.03896310000050107,6.168585620787304,0.6316375000000107
A-n80-k10,SSA,2,503028,Other,0.023217199999692184,3.6757158971232378,0.6316375000000107
A-n80-k10,SSA,3,503029,Initialization,0.007298699999978453,0.9240777928456844,0.7898361000000023
A-n80-k10,SSA,3,503029,Decode,0.06679789999947161,8.45718497793041,0.7898361000000023
A-n80-k10,SSA,3,503029,Split,0.06441020000028175,8.154881753351304,0.7898361000000023
A-n80-k10,SSA,3,503029,Vehicle repair,0.374634999998932,47.43199253603766,0.7898361000000023
A-n80-k10,SSA,3,503029,2-opt local search,0.0,0.0,0.7898361000000023
A-n80-k10,SSA,3,503029,Relocate local search,0.0,0.0,0.7898361000000023
A-n80-k10,SSA,3,503029,Final cost evaluation,0.100162099999352,12.68137781994919,0.7898361000000023
A-n80-k10,SSA,3,503029,Lamarckian write-back,0.11320759999921393,14.333049603482747,0.7898361000000023
A-n80-k10,SSA,3,503029,Position update,0.03916960000032077,4.959206093557975,0.7898361000000023
A-n80-k10,SSA,3,503029,Other,0.024155000002451743,3.0582294228450273,0.7898361000000023
A-n80-k10,M-WOA,1,504027,Initialization,0.007129899999995359,0.07268979418524218,9.808667200000002
A-n80-k10,M-WOA,1,504027,Decode,0.0891717999987236,0.9091123001779853,9.808667200000002
A-n80-k10,M-WOA,1,504027,Split,0.07142439999682892,0.7281764029758182,9.808667200000002
A-n80-k10,M-WOA,1,504027,Vehicle repair,0.34049540000438583,3.4713727467926097,9.808667200000002
A-n80-k10,M-WOA,1,504027,2-opt local search,3.8394227999990562,39.143165138675066,9.808667200000002
A-n80-k10,M-WOA,1,504027,Relocate local search,5.079121699999575,51.78197604664958,9.808667200000002
A-n80-k10,M-WOA,1,504027,Final cost evaluation,0.1196350000012103,1.2196866053444069,9.808667200000002
A-n80-k10,M-WOA,1,504027,Lamarckian write-back,0.16087070000151016,1.640087248566351,9.808667200000002
A-n80-k10,M-WOA,1,504027,Position update,0.05749379999991788,0.5861530300458953,9.808667200000002
A-n80-k10,M-WOA,1,504027,Other,0.04390169999879845,0.4475806865870466,9.808667200000002
A-n80-k10,M-WOA,2,504028,Initialization,0.007169099999998707,0.0660823918037251,10.848729600000013
A-n80-k10,M-WOA,2,504028,Decode,0.08539000000001806,0.7870967675332047,10.848729600000013
A-n80-k10,M-WOA,2,504028,Split,0.06996069999451038,0.6448745850805453,10.848729600000013
A-n80-k10,M-WOA,2,504028,Vehicle repair,0.24670510000413515,2.274045986030796,10.848729600000013
A-n80-k10,M-WOA,2,504028,2-opt local search,3.5298403000047074,32.53689998877567,10.848729600000013
A-n80-k10,M-WOA,2,504028,Relocate local search,6.5526288000017985,60.39996425020853,10.848729600000013
A-n80-k10,M-WOA,2,504028,Final cost evaluation,0.10648969999908786,0.9815868209959601,10.848729600000013
A-n80-k10,M-WOA,2,504028,Lamarckian write-back,0.15330409999882022,1.4131064709993328,10.848729600000013
A-n80-k10,M-WOA,2,504028,Position update,0.055618299999821375,0.5126710873116546,10.848729600000013
A-n80-k10,M-WOA,2,504028,Other,0.04162349999711523,0.3836716512605788,10.848729600000013
A-n80-k10,M-WOA,3,504029,Initialization,0.00717259999998987,0.0942725936086512,7.6083618000000115
A-n80-k10,M-WOA,3,504029,Decode,0.08017810000370673,1.0538155533521896,7.6083618000000115
A-n80-k10,M-WOA,3,504029,Split,0.06853019999834942,0.9007221501788902,7.6083618000000115
A-n80-k10,M-WOA,3,504029,Vehicle repair,0.3349933000020542,4.402962277662107,7.6083618000000115
A-n80-k10,M-WOA,3,504029,2-opt local search,4.0721485000019015,53.52201442368179,7.6083618000000115
A-n80-k10,M-WOA,3,504029,Relocate local search,2.6961206000020184,35.43628274883056,7.6083618000000115
A-n80-k10,M-WOA,3,504029,Final cost evaluation,0.11273980000004258,1.4817881031898668,7.6083618000000115
A-n80-k10,M-WOA,3,504029,Lamarckian write-back,0.14184700000186012,1.8643566608761943,7.6083618000000115
A-n80-k10,M-WOA,3,504029,Position update,0.05498999999986154,0.7227574272277832,7.6083618000000115
A-n80-k10,M-WOA,3,504029,Other,0.03964169999022715,0.5210280613919687,7.6083618000000115
A-n80-k10,M-SSA,1,505027,Initialization,0.006990200000018376,0.04853648492903597,14.401949399999978
A-n80-k10,M-SSA,1,505027,Decode,0.08989039999602255,0.6241543939601863,14.401949399999978
A-n80-k10,M-SSA,1,505027,Split,0.07060000000325317,0.4902114154300062,14.401949399999978
A-n80-k10,M-SSA,1,505027,Vehicle repair,0.40020310000267045,2.7788120127867626,14.401949399999978
A-n80-k10,M-SSA,1,505027,2-opt local search,5.286327199998198,36.70563652999785,14.401949399999978
A-n80-k10,M-SSA,1,505027,Relocate local search,8.151619099999323,56.600803638425056,14.401949399999978
A-n80-k10,M-SSA,1,505027,Final cost evaluation,0.1435661999988156,0.9968525510776743,14.401949399999978
A-n80-k10,M-SSA,1,505027,Lamarckian write-back,0.16275429999933522,1.1300852091546403,14.401949399999978
A-n80-k10,M-SSA,1,505027,Position update,0.04525609999956259,0.3142359325298189,14.401949399999978
A-n80-k10,M-SSA,1,505027,Other,0.04474280000277986,0.31067183170897633,14.401949399999978
A-n80-k10,M-SSA,2,505028,Initialization,0.007185300000003281,0.051832466284898994,13.862547000000006
A-n80-k10,M-SSA,2,505028,Decode,0.08913370000129817,0.6429821302052078,13.862547000000006
A-n80-k10,M-SSA,2,505028,Split,0.07039510000447535,0.5078078364998533,13.862547000000006
A-n80-k10,M-SSA,2,505028,Vehicle repair,0.40710809999382036,2.9367482035863985,13.862547000000006
A-n80-k10,M-SSA,2,505028,2-opt local search,5.113392900000122,36.88638819403187,13.862547000000006
A-n80-k10,M-SSA,2,505028,Relocate local search,7.780040199999121,56.1227327128205,13.862547000000006
A-n80-k10,M-SSA,2,505028,Final cost evaluation,0.14362879999919187,1.036092429473399,13.862547000000006
A-n80-k10,M-SSA,2,505028,Lamarckian write-back,0.16215880000464722,1.1697619492626221,13.862547000000006
A-n80-k10,M-SSA,2,505028,Position update,0.04504449999984672,0.32493668010537097,13.862547000000006
A-n80-k10,M-SSA,2,505028,Other,0.044459599997480836,0.32071739772987473,13.862547000000006
A-n80-k10,M-SSA,3,505029,Initialization,0.007056900000009136,0.04795125968398237,14.716818799999999
A-n80-k10,M-SSA,3,505029,Decode,0.08940849999549982,0.6075259960087287,14.716818799999999
A-n80-k10,M-SSA,3,505029,Split,0.07032829999758405,0.4778770531412948,14.716818799999999
A-n80-k10,M-SSA,3,505029,Vehicle repair,0.3854399000010744,2.6190435938578958,14.716818799999999
A-n80-k10,M-SSA,3,505029,2-opt local search,5.154896600002928,35.02724787236579,14.716818799999999
A-n80-k10,M-SSA,3,505029,Relocate local search,8.618177199999877,58.560055111909634,14.716818799999999
A-n80-k10,M-SSA,3,505029,Final cost evaluation,0.14044430000211605,0.9543115391358632,14.716818799999999
A-n80-k10,M-SSA,3,505029,Lamarckian write-back,0.16170550000055073,1.098780260857399,14.716818799999999
A-n80-k10,M-SSA,3,505029,Position update,0.04540309999993042,0.3085116465518378,14.716818799999999
A-n80-k10,M-SSA,3,505029,Other,0.04395850000042856,0.2986956664875738,14.716818799999999
B-n50-k7,WOA,1,602027,Initialization,0.0036293000000000575,1.3889186541346934,0.26130399999999554
B-n50-k7,WOA,1,602027,Decode,0.0427300999984368,16.35263907113459,0.26130399999999554
B-n50-k7,WOA,1,602027,Split,0.0402848999995058,15.416870771020147,0.26130399999999554
B-n50-k7,WOA,1,602027,Vehicle repair,0.01247270000322942,4.773252611222803,0.26130399999999554
B-n50-k7,WOA,1,602027,2-opt local search,0.0,0.0,0.26130399999999554
B-n50-k7,WOA,1,602027,Relocate local search,0.0,0.0,0.26130399999999554
B-n50-k7,WOA,1,602027,Final cost evaluation,0.024341700001855315,9.315471635281408,0.26130399999999554
B-n50-k7,WOA,1,602027,Lamarckian write-back,0.07327460000004749,28.041897559948847,0.26130399999999554
B-n50-k7,WOA,1,602027,Position update,0.04493549999995139,17.196636867385173,0.26130399999999554
B-n50-k7,WOA,1,602027,Other,0.019635199996969277,7.514312829872337,0.26130399999999554
B-n50-k7,WOA,2,602028,Initialization,0.0035417000000279586,1.2257112461533912,0.28895060000002104
B-n50-k7,WOA,2,602028,Decode,0.042690799998410967,14.774428569592123,0.28895060000002104
B-n50-k7,WOA,2,602028,Split,0.04015909999560563,13.898258039818122,0.28895060000002104
B-n50-k7,WOA,2,602028,Vehicle repair,0.03226939999916567,11.167791310751154,0.28895060000002104
B-n50-k7,WOA,2,602028,2-opt local search,0.0,0.0,0.28895060000002104
B-n50-k7,WOA,2,602028,Relocate local search,0.0,0.0,0.28895060000002104
B-n50-k7,WOA,2,602028,Final cost evaluation,0.030418300003987042,10.527162775915615,0.28895060000002104
B-n50-k7,WOA,2,602028,Lamarckian write-back,0.07403149999993275,25.62081546116442,0.28895060000002104
B-n50-k7,WOA,2,602028,Position update,0.04527339999975766,15.668214566695609,0.28895060000002104
B-n50-k7,WOA,2,602028,Other,0.020566400003133367,7.117618029909566,0.28895060000002104
B-n50-k7,WOA,3,602029,Initialization,0.0035265999999865016,1.3892001955368944,0.2538582999999903
B-n50-k7,WOA,3,602029,Decode,0.04269650000026104,16.819028568403187,0.2538582999999903
B-n50-k7,WOA,3,602029,Split,0.04001489999905061,15.762691233279407,0.2538582999999903
B-n50-k7,WOA,3,602029,Vehicle repair,0.008680299999525687,3.4193485103800105,0.2538582999999903
B-n50-k7,WOA,3,602029,2-opt local search,0.0,0.0,0.2538582999999903
B-n50-k7,WOA,3,602029,Relocate local search,0.0,0.0,0.2538582999999903
B-n50-k7,WOA,3,602029,Final cost evaluation,0.02178130000118017,8.580101576817068,0.2538582999999903
B-n50-k7,WOA,3,602029,Lamarckian write-back,0.07287329999707026,28.70629008272451,0.2538582999999903
B-n50-k7,WOA,3,602029,Position update,0.04500539999975217,17.728551715564898,0.2538582999999903
B-n50-k7,WOA,3,602029,Other,0.019280000003163877,7.594788117294023,0.2538582999999903
B-n50-k7,SSA,1,603027,Initialization,0.003472799999997278,1.2444662319195663,0.2790593999999942
B-n50-k7,SSA,1,603027,Decode,0.043063699997560434,15.4317324546535,0.2790593999999942
B-n50-k7,SSA,1,603027,Split,0.040375299997322145,14.468353331700342,0.2790593999999942
B-n50-k7,SSA,1,603027,Vehicle repair,0.020947500001284425,7.506466365685894,0.2790593999999942
B-n50-k7,SSA,1,603027,2-opt local search,0.0,0.0,0.2790593999999942
B-n50-k7,SSA,1,603027,Relocate local search,0.0,0.0,0.2790593999999942
B-n50-k7,SSA,1,603027,Final cost evaluation,0.045107499999915035,16.164121330410648,0.2790593999999942
B-n50-k7,SSA,1,603027,Lamarckian write-back,0.07400649999692632,26.519981049528475,0.2790593999999942
B-n50-k7,SSA,1,603027,Position update,0.03126139999949373,11.202417836308106,0.2790593999999942
B-n50-k7,SSA,1,603027,Other,0.020824700007494812,7.462461399793465,0.2790593999999942
B-n50-k7,SSA,2,603028,Initialization,0.003481200000010176,1.3043023769500328,0.26690129999997225
B-n50-k7,SSA,2,603028,Decode,0.042251000003318495,15.830196407182314,0.26690129999997225
B-n50-k7,SSA,2,603028,Split,0.040227300000765354,15.071976045365659,0.26690129999997225
B-n50-k7,SSA,2,603028,Vehicle repair,0.012754599999539096,4.778770279328135,0.26690129999997225
B-n50-k7,SSA,2,603028,2-opt local search,0.0,0.0,0.26690129999997225
B-n50-k7,SSA,2,603028,Relocate local search,0.0,0.0,0.26690129999997225
B-n50-k7,SSA,2,603028,Final cost evaluation,0.043131200000743775,16.159981236789875,0.26690129999997225
B-n50-k7,SSA,2,603028,Lamarckian write-back,0.07323819999839998,27.440181070083806,0.26690129999997225
B-n50-k7,SSA,2,603028,Position update,0.03149789999940822,11.801328805596485,0.26690129999997225
B-n50-k7,SSA,2,603028,Other,0.02031989999778716,7.613263778703691,0.26690129999997225
B-n50-k7,SSA,3,603029,Initialization,0.0035378999999693406,1.2334870877549586,0.2868209999999749
B-n50-k7,SSA,3,603029,Decode,0.043081700002630896,15.020413429502954,0.2868209999999749
B-n50-k7,SSA,3,603029,Split,0.040628999998659765,14.165280784413735,0.2868209999999749
B-n50-k7,SSA,3,603029,Vehicle repair,0.025499399999091565,8.89035321649872,0.2868209999999749
B-n50-k7,SSA,3,603029,2-opt local search,0.0,0.0,0.2868209999999749
B-n50-k7,SSA,3,603029,Relocate local search,0.0,0.0,0.2868209999999749
B-n50-k7,SSA,3,603029,Final cost evaluation,0.045531999999980144,15.874709313468724,0.2868209999999749
B-n50-k7,SSA,3,603029,Lamarckian write-back,0.07559710000140285,26.356891580954485,0.2868209999999749
B-n50-k7,SSA,3,603029,Position update,0.0319087999997123,11.12498736135607,0.2868209999999749
B-n50-k7,SSA,3,603029,Other,0.02103509999852804,7.333877226050352,0.2868209999999749
B-n50-k7,M-WOA,1,604027,Initialization,0.0035093000000188113,0.050450596440956494,6.955913800000019
B-n50-k7,M-WOA,1,604027,Decode,0.05771320000127389,0.8296997585173315,6.955913800000019
B-n50-k7,M-WOA,1,604027,Split,0.046310699998798555,0.665774495348094,6.955913800000019
B-n50-k7,M-WOA,1,604027,Vehicle repair,0.03806860000213419,0.5472839528594228,6.955913800000019
B-n50-k7,M-WOA,1,604027,2-opt local search,2.256256500001541,32.43652185571269,6.955913800000019
B-n50-k7,M-WOA,1,604027,Relocate local search,4.289147400000161,61.66188258399851,6.955913800000019
B-n50-k7,M-WOA,1,604027,Final cost evaluation,0.06653849999980821,0.9565745337414623,6.955913800000019
B-n50-k7,M-WOA,1,604027,Lamarckian write-back,0.107038700000885,1.5388157915482608,6.955913800000019
B-n50-k7,M-WOA,1,604027,Position update,0.05416070000029549,0.7786281077878703,6.955913800000019
B-n50-k7,M-WOA,1,604027,Other,0.03717019999510285,0.5343683240454007,6.955913800000019
B-n50-k7,M-WOA,2,604028,Initialization,0.004027100000030259,0.030858647006374904,13.050150900000006
B-n50-k7,M-WOA,2,604028,Decode,0.06644159999729027,0.5091251473367273,13.050150900000006
B-n50-k7,M-WOA,2,604028,Split,0.04801350000172988,0.36791528595833983,13.050150900000006
B-n50-k7,M-WOA,2,604028,Vehicle repair,0.04374489999560183,0.3352060855909475,13.050150900000006
B-n50-k7,M-WOA,2,604028,2-opt local search,1.8920355000017253,14.498188676130361,13.050150900000006
B-n50-k7,M-WOA,2,604028,Relocate local search,10.704678600000307,82.02724000685924,13.050150900000006
B-n50-k7,M-WOA,2,604028,Final cost evaluation,0.06662169999890466,0.5105052080195075,13.050150900000006
B-n50-k7,M-WOA,2,604028,Lamarckian write-back,0.12791870000120298,0.980208589014882,13.050150900000006
B-n50-k7,M-WOA,2,604028,Position update,0.05581840000019156,0.42772225722073093,13.050150900000006
B-n50-k7,M-WOA,2,604028,Other,0.04085090000302216,0.3130300968628811,13.050150900000006
B-n50-k7,M-WOA,3,604029,Initialization,0.0036238000000139436,0.07064643535363734,5.1294873999999595
B-n50-k7,M-WOA,3,604029,Decode,0.05738670000158663,1.1187609116963049,5.1294873999999595
B-n50-k7,M-WOA,3,604029,Split,0.04580600000207369,0.8929937132134109,5.1294873999999595
B-n50-k7,M-WOA,3,604029,Vehicle repair,0.044450600003244745,0.8665700202956945,5.1294873999999595
B-n50-k7,M-WOA,3,604029,2-opt local search,2.1301763999991863,41.528056000277985,5.1294873999999595
B-n50-k7,M-WOA,3,604029,Relocate local search,2.5866232000037144,50.4265435958325,5.1294873999999595
B-n50-k7,M-WOA,3,604029,Final cost evaluation,0.0647665999970286,1.2626329874019988,5.1294873999999595
B-n50-k7,M-WOA,3,604029,Lamarckian write-back,0.10643000000317215,2.0748661942940534,5.1294873999999595
B-n50-k7,M-WOA,3,604029,Position update,0.053537099999857674,1.0437124769983468,5.1294873999999595
B-n50-k7,M-WOA,3,604029,Other,0.036686999990081404,0.7152176646360744,5.1294873999999595
B-n50-k7,M-SSA,1,605027,Initialization,0.003557199999988825,0.028702991750212407,12.393133199999966
B-n50-k7,M-SSA,1,605027,Decode,0.06443499999528512,0.5199250177936061,12.393133199999966
B-n50-k7,M-SSA,1,605027,Split,0.0474123999986773,0.3825699218554145,12.393133199999966
B-n50-k7,M-SSA,1,605027,Vehicle repair,0.04027630000467752,0.32498884143904494,12.393133199999966
B-n50-k7,M-SSA,1,605027,2-opt local search,2.0397238999979663,16.4585005831937,12.393133199999966
B-n50-k7,M-SSA,1,605027,Relocate local search,9.925333099999364,80.08735918370822,12.393133199999966
B-n50-k7,M-SSA,1,605027,Final cost evaluation,0.06997100000398859,0.564594916191079,12.393133199999966
B-n50-k7,M-SSA,1,605027,Lamarckian write-back,0.12251249999985703,0.988551466548083,12.393133199999966
B-n50-k7,M-SSA,1,605027,Position update,0.039289800000517516,0.31702878817212765,12.393133199999966
B-n50-k7,M-SSA,1,605027,Other,0.040621999999643776,0.32777828934852316,12.393133199999966
B-n50-k7,M-SSA,2,605028,Initialization,0.0035133999999743537,0.03073016701334417,11.433065099999965
B-n50-k7,M-SSA,2,605028,Decode,0.06193410000065569,0.5417103765171063,11.433065099999965
B-n50-k7,M-SSA,2,605028,Split,0.0468938000008734,0.41015947683944826,11.433065099999965
B-n50-k7,M-SSA,2,605028,Vehicle repair,0.03740580000015825,0.32717210715574746,11.433065099999965
B-n50-k7,M-SSA,2,605028,2-opt local search,2.2295663000047625,19.50103739026877,11.433065099999965
B-n50-k7,M-SSA,2,605028,Relocate local search,8.78957610000208,76.87856251253312,11.433065099999965
B-n50-k7,M-SSA,2,605028,Final cost evaluation,0.07151000000038721,0.6254665688940005,11.433065099999965
B-n50-k7,M-SSA,2,605028,Lamarckian write-back,0.1148446000020158,1.00449528623795,11.433065099999965
B-n50-k7,M-SSA,2,605028,Position update,0.03822720000027857,0.33435653226778783,11.433065099999965
B-n50-k7,M-SSA,2,605028,Other,0.03959379998877921,0.34630958227273045,11.433065099999965
B-n50-k7,M-SSA,3,605029,Initialization,0.0038549999999872853,0.034017874747326045,11.332277599999998
B-n50-k7,M-SSA,3,605029,Decode,0.06142110000024559,0.5420013713769737,11.332277599999998
B-n50-k7,M-SSA,3,605029,Split,0.04707380000309058,0.4153957541870541,11.332277599999998
B-n50-k7,M-SSA,3,605029,Vehicle repair,0.04331149999836725,0.3821958967751307,11.332277599999998
B-n50-k7,M-SSA,3,605029,2-opt local search,2.1735723999987613,19.180366707560726,11.332277599999998
B-n50-k7,M-SSA,3,605029,Relocate local search,8.742155500001388,77.14385235322324,11.332277599999998
B-n50-k7,M-SSA,3,605029,Final cost evaluation,0.07263760000398634,0.6409797091803183,11.332277599999998
B-n50-k7,M-SSA,3,605029,Lamarckian write-back,0.11241730000352845,0.9920097615992788,11.332277599999998
B-n50-k7,M-SSA,3,605029,Position update,0.03691810000020723,0.3257782883840336,11.332277599999998
B-n50-k7,M-SSA,3,605029,Other,0.038915299990435415,0.34340228296591874,11.332277599999998
P-n76-k4,WOA,1,702027,Initialization,0.0038551999999754116,0.2556359667428832,1.5080820000000017
P-n76-k4,WOA,1,702027,Decode,0.06503689999703965,4.3125572745407466,1.5080820000000017
P-n76-k4,WOA,1,702027,Split,0.0622420000005377,4.1272291560099275,1.5080820000000017
P-n76-k4,WOA,1,702027,Vehicle repair,1.1830165999995188,78.44511107482998,1.5080820000000017
P-n76-k4,WOA,1,702027,2-opt local search,0.0,0.0,1.5080820000000017
P-n76-k4,WOA,1,702027,Relocate local search,0.0,0.0,1.5080820000000017
P-n76-k4,WOA,1,702027,Final cost evaluation,0.01641290000003437,1.0883294144505637,1.5080820000000017
P-n76-k4,WOA,1,702027,Lamarckian write-back,0.10588579999858894,7.021222983802526,1.5080820000000017
P-n76-k4,WOA,1,702027,Position update,0.04803620000001274,3.1852511998692834,1.5080820000000017
P-n76-k4,WOA,1,702027,Other,0.023596400004294082,1.5646629297540886,1.5080820000000017
P-n76-k4,WOA,2,702028,Initialization,0.00398539999997638,0.6319601801938375,0.6306410000000255
P-n76-k4,WOA,2,702028,Decode,0.06020609999904991,9.546810308725165,0.6306410000000255
P-n76-k4,WOA,2,702028,Split,0.06021889999976793,9.548839989750983,0.6306410000000255
P-n76-k4,WOA,2,702028,Vehicle repair,0.3229194000028883,51.2049486162294,0.6306410000000255
P-n76-k4,WOA,2,702028,2-opt local search,0.0,0.0,0.6306410000000255
P-n76-k4,WOA,2,702028,Relocate local search,0.0,0.0,0.6306410000000255
P-n76-k4,WOA,2,702028,Final cost evaluation,0.017466100002138774,2.769578889120445,0.6306410000000255
P-n76-k4,WOA,2,702028,Lamarckian write-back,0.09925459999527675,15.738684924588272,0.6306410000000255
P-n76-k4,WOA,2,702028,Position update,0.046527900000171485,7.377874258123021,0.6306410000000255
P-n76-k4,WOA,2,702028,Other,0.020062600000755992,3.181302833268877,0.6306410000000255
P-n76-k4,WOA,3,702029,Initialization,0.003790100000003349,1.065107248412642,0.3558420999999612
P-n76-k4,WOA,3,702029,Decode,0.05885649999703446,16.54006088572456,0.3558420999999612
P-n76-k4,WOA,3,702029,Split,0.059859499997060084,16.821927477683673,0.3558420999999612
P-n76-k4,WOA,3,702029,Vehicle repair,0.0573714000024097,16.122712855622186,0.3558420999999612
P-n76-k4,WOA,3,702029,2-opt local search,0.0,0.0,0.3558420999999612
P-n76-k4,WOA,3,702029,Relocate local search,0.0,0.0,0.3558420999999612
P-n76-k4,WOA,3,702029,Final cost evaluation,0.014348199998721611,4.032181689216419,0.3558420999999612
P-n76-k4,WOA,3,702029,Lamarckian write-back,0.09741230000213363,27.375147573079257,0.3558420999999612
P-n76-k4,WOA,3,702029,Position update,0.045662299999946754,12.832180340648769,0.3558420999999612
P-n76-k4,WOA,3,702029,Other,0.0185418000026516,5.210681929612494,0.3558420999999612
P-n76-k4,SSA,1,703027,Initialization,0.0037876999999753025,0.8017353399136646,0.4724377000000004
P-n76-k4,SSA,1,703027,Decode,0.060423100002594765,12.789644010754161,0.4724377000000004
P-n76-k4,SSA,1,703027,Split,0.060903600000131064,12.891350542120371,0.4724377000000004
P-n76-k4,SSA,1,703027,Vehicle repair,0.1301504000007867,27.548690547089404,0.4724377000000004
P-n76-k4,SSA,1,703027,2-opt local search,0.0,0.0,0.4724377000000004
P-n76-k4,SSA,1,703027,Relocate local search,0.0,0.0,0.4724377000000004
P-n76-k4,SSA,1,703027,Final cost evaluation,0.061006399999030236,12.913110024672076,0.4724377000000004
P-n76-k4,SSA,1,703027,Lamarckian write-back,0.09967450000056033,21.09791407429175,0.4724377000000004
P-n76-k4,SSA,1,703027,Position update,0.036055400000350346,7.631778751007872,0.4724377000000004
P-n76-k4,SSA,1,703027,Other,0.02043659999657166,4.325776710150701,0.4724377000000004
P-n76-k4,SSA,2,703028,Initialization,0.004138800000021092,0.8031520633061713,0.515319599999998
P-n76-k4,SSA,2,703028,Decode,0.06011899999742809,11.666352298152123,0.515319599999998
P-n76-k4,SSA,2,703028,Split,0.06082810000111749,11.803956224664796,0.515319599999998
P-n76-k4,SSA,2,703028,Vehicle repair,0.17087420000035536,33.15887849023325,0.515319599999998
P-n76-k4,SSA,2,703028,2-opt local search,0.0,0.0,0.515319599999998
P-n76-k4,SSA,2,703028,Relocate local search,0.0,0.0,0.515319599999998
P-n76-k4,SSA,2,703028,Final cost evaluation,0.06217779999877848,12.065871354161326,0.515319599999998
P-n76-k4,SSA,2,703028,Lamarckian write-back,0.1006631999982801,19.53412988721572,0.515319599999998
P-n76-k4,SSA,2,703028,Position update,0.03635840000072221,7.055504972200233,0.515319599999998
P-n76-k4,SSA,2,703028,Other,0.020160100003295156,3.912154710066381,0.515319599999998
P-n76-k4,SSA,3,703029,Initialization,0.003963499999997566,0.9280406179034316,0.4270825999999488
P-n76-k4,SSA,3,703029,Decode,0.05998090000059619,14.044332407970586,0.4270825999999488
P-n76-k4,SSA,3,703029,Split,0.06067310000088355,14.206408783895862,0.4270825999999488
P-n76-k4,SSA,3,703029,Vehicle repair,0.09537520000037603,22.331792491753927,0.4270825999999488
P-n76-k4,SSA,3,703029,2-opt local search,0.0,0.0,0.4270825999999488
P-n76-k4,SSA,3,703029,Relocate local search,0.0,0.0,0.4270825999999488
P-n76-k4,SSA,3,703029,Final cost evaluation,0.050409699997942425,11.803267095861191,0.4270825999999488
P-n76-k4,SSA,3,703029,Lamarckian write-back,0.09984959999979992,23.37945868078257,0.4270825999999488
P-n76-k4,SSA,3,703029,Position update,0.03653060000010555,8.553521028510628,0.4270825999999488
P-n76-k4,SSA,3,703029,Other,0.020300000000247564,4.753178893321807,0.4270825999999488
P-n76-k4,M-WOA,1,704027,Initialization,0.0038496000000236563,0.024548419653548276,15.681661200000008
P-n76-k4,M-WOA,1,704027,Decode,0.0854384999977924,0.54483067136913,15.681661200000008
P-n76-k4,M-WOA,1,704027,Split,0.07153459999489087,0.45616723306642304,15.681661200000008
P-n76-k4,M-WOA,1,704027,Vehicle repair,0.12514689999568418,0.7980461916603843,15.681661200000008
P-n76-k4,M-WOA,1,704027,2-opt local search,10.209507499999631,65.1047575240283,15.681661200000008
P-n76-k4,M-WOA,1,704027,Relocate local search,4.894031700003154,31.208630498936884,15.681661200000008
P-n76-k4,M-WOA,1,704027,Final cost evaluation,0.047170799997445556,0.30080231549349845,15.681661200000008
P-n76-k4,M-WOA,1,704027,Lamarckian write-back,0.1514504000015222,0.9657803345574265,15.681661200000008
P-n76-k4,M-WOA,1,704027,Position update,0.05310099999974227,0.3386184621801563,15.681661200000008
P-n76-k4,M-WOA,1,704027,Other,0.0404302000101211,0.2578183490542512,15.681661200000008
P-n76-k4,M-WOA,2,704028,Initialization,0.003836900000010246,0.02488890789361252,15.416104300000029
P-n76-k4,M-WOA,2,704028,Decode,0.08411630000313153,0.545639146999877,15.416104300000029
P-n76-k4,M-WOA,2,704028,Split,0.07126000000283739,0.46224388870304445,15.416104300000029
P-n76-k4,M-WOA,2,704028,Vehicle repair,0.17840620000288254,1.1572716201905964,15.416104300000029
P-n76-k4,M-WOA,2,704028,2-opt local search,9.734667399999353,63.146091973439326,15.416104300000029
P-n76-k4,M-WOA,2,704028,Relocate local search,5.051062899999295,32.764846433993604,15.416104300000029
P-n76-k4,M-WOA,2,704028,Final cost evaluation,0.051933999997061164,0.33688147787804645,15.416104300000029
P-n76-k4,M-WOA,2,704028,Lamarckian write-back,0.14750879999911604,0.9568487416053338,15.416104300000029
P-n76-k4,M-WOA,2,704028,Position update,0.05301800000046342,0.3439130857493181,15.416104300000029
P-n76-k4,M-WOA,2,704028,Other,0.040293799995879453,0.2613747235472413,15.416104300000029
P-n76-k4,M-WOA,3,704029,Initialization,0.00390799999996716,0.01899796349885087,20.570625899999982
P-n76-k4,M-WOA,3,704029,Decode,0.0894627999992963,0.43490558057981293,20.570625899999982
P-n76-k4,M-WOA,3,704029,Split,0.07334639999675119,0.35655891246727334,20.570625899999982
P-n76-k4,M-WOA,3,704029,Vehicle repair,0.09094049999288245,0.44208912473043677,20.570625899999982
P-n76-k4,M-WOA,3,704029,2-opt local search,11.407019499993226,55.452952940985796,20.570625899999982
P-n76-k4,M-WOA,3,704029,Relocate local search,8.59183389999879,41.76748895131478,20.570625899999982
P-n76-k4,M-WOA,3,704029,Final cost evaluation,0.05775989999756348,0.28078824766126115,20.570625899999982
P-n76-k4,M-WOA,3,704029,Lamarckian write-back,0.15894820000227128,0.7726950107156021,20.570625899999982
P-n76-k4,M-WOA,3,704029,Position update,0.05410500000016327,0.26302067940559515,20.570625899999982
P-n76-k4,M-WOA,3,704029,Other,0.04330170001907163,0.21050258864059002,20.570625899999982
P-n76-k4,M-SSA,1,705027,Initialization,0.0038208000000281572,0.013043205444028557,29.293412700000033
P-n76-k4,M-SSA,1,705027,Decode,0.10036559999946348,0.34262173898046155,29.293412700000033
P-n76-k4,M-SSA,1,705027,Split,0.07893379999950412,0.26945921531192585,29.293412700000033
P-n76-k4,M-SSA,1,705027,Vehicle repair,0.18271439999705308,0.6237388653492493,29.293412700000033
P-n76-k4,M-SSA,1,705027,2-opt local search,19.47586170000517,66.48546517765459,29.293412700000033
P-n76-k4,M-SSA,1,705027,Relocate local search,9.081771499997615,31.002777289918168,29.293412700000033
P-n76-k4,M-SSA,1,705027,Final cost evaluation,0.09409360000034894,0.3212107819733439,29.293412700000033
P-n76-k4,M-SSA,1,705027,Lamarckian write-back,0.1805077000023516,0.6162057724409536,29.293412700000033
P-n76-k4,M-SSA,1,705027,Position update,0.045738999999912267,0.156140906040327,29.293412700000033
P-n76-k4,M-SSA,1,705027,Other,0.04960459999858813,0.16933704688695445,29.293412700000033
P-n76-k4,M-SSA,2,705028,Initialization,0.0038862999999764725,0.013804941508265934,28.15151370000001
P-n76-k4,M-SSA,2,705028,Decode,0.09966919999635593,0.35404561565851395,28.15151370000001
P-n76-k4,M-SSA,2,705028,Split,0.07976929999699678,0.2833570544272252,28.15151370000001
P-n76-k4,M-SSA,2,705028,Vehicle repair,0.20375279999746,0.7237720932834241,28.15151370000001
P-n76-k4,M-SSA,2,705028,2-opt local search,19.114388899992946,67.89826331787246,28.15151370000001
P-n76-k4,M-SSA,2,705028,Relocate local search,8.281176400009713,29.41645159212064,28.15151370000001
P-n76-k4,M-SSA,2,705028,Final cost evaluation,0.09536070000513064,0.33874093244630965,28.15151370000001
P-n76-k4,M-SSA,2,705028,Lamarckian write-back,0.17848429999605742,0.6340131543123998,28.15151370000001
P-n76-k4,M-SSA,2,705028,Position update,0.045442800000842,0.1614222257641584,28.15151370000001
P-n76-k4,M-SSA,2,705028,Other,0.04958300000453164,0.17612907260660596,28.15151370000001
P-n76-k4,M-SSA,3,705029,Initialization,0.003903899999954774,0.014327704164067307,27.247212500000046
P-n76-k4,M-SSA,3,705029,Decode,0.09813879999774144,0.3601792293348954,27.247212500000046
P-n76-k4,M-SSA,3,705029,Split,0.07841399999495025,0.28778723693276925,27.247212500000046
P-n76-k4,M-SSA,3,705029,Vehicle repair,0.20551169999066587,0.7542485308934466,27.247212500000046
P-n76-k4,M-SSA,3,705029,2-opt local search,18.710312900002577,68.66872308498547,27.247212500000046
P-n76-k4,M-SSA,3,705029,Relocate local search,7.787810400007174,28.58204449356851,27.247212500000046
P-n76-k4,M-SSA,3,705029,Final cost evaluation,0.09111110000662848,0.3343868662037569,27.247212500000046
P-n76-k4,M-SSA,3,705029,Lamarckian write-back,0.17663799999456842,0.6482791588114495,27.247212500000046
P-n76-k4,M-SSA,3,705029,Position update,0.046569200000817546,0.17091363015874547,27.247212500000046
P-n76-k4,M-SSA,3,705029,Other,0.04880250000496744,0.17911006494689083,27.247212500000046
